时间,机组有功负荷MW,定子线棒温度℃,标签
2023.09.17 00:00,14.85,24.39,1
2023.09.17 00:01,11.24,16.86,1
2023.09.17 00:02,13.42,18.7,1
2023.09.17 00:03,15.43,24.06,1
2023.09.17 00:04,22.7,30.79,1
2023.09.17 00:05,23.85,33.61,1
2023.09.17 00:06,15.56,25.23,1
2023.09.17 00:07,18.9,24.87,1
2023.09.17 00:08,19.64,26.48,1
2023.09.17 00:09,21.34,28.13,1
2023.09.17 00:10,16.61,25.29,1
2023.09.17 00:11,11.04,21.01,1
2023.09.17 00:12,12.24,18.77,1
2023.09.17 00:13,13.95,22.79,1
2023.09.17 00:14,20.08,25.32,1
2023.09.17 00:15,16.58,22.85,1
2023.09.17 00:16,23.67,33.59,1
2023.09.17 00:17,18.41,25.84,1
2023.09.17 00:18,16.68,24.51,1
2023.09.17 00:19,16,24.45,1
2023.09.17 00:20,11.25,17.21,1
2023.09.17 00:21,24.69,31.13,1
2023.09.17 00:22,22.47,28.31,1
2023.09.17 00:23,20.83,26.85,1
2023.09.17 00:24,16.3,24.6,1
2023.09.17 00:25,23.01,29.18,1
2023.09.17 00:26,24.4,31.57,1
2023.09.17 00:27,16,22.88,1
2023.09.17 00:28,17.18,24.36,1
2023.09.17 00:29,20.5,28.55,1
2023.09.17 00:30,10.76,19.14,1
2023.09.17 00:31,15.19,24.94,1
2023.09.17 00:32,10.06,15.62,1
2023.09.17 00:33,10.33,16.61,1
2023.09.17 00:34,13.04,21.6,1
2023.09.17 00:35,14.3,22.18,1
2023.09.17 00:36,20.73,27.07,1
2023.09.17 00:37,10.34,18.57,1
2023.09.17 00:38,14.51,23.97,1
2023.09.17 00:39,21.56,28.64,1
2023.09.17 00:40,24.62,33.49,1
2023.09.17 00:41,21.5,28.83,1
2023.09.17 00:42,19.41,24.96,1
2023.09.17 00:43,16.7,23.83,1
2023.09.17 00:44,10.84,19.75,1
2023.09.17 00:45,15.58,23.62,1
2023.09.17 00:46,10.43,19.7,1
2023.09.17 00:47,10.34,17.14,1
2023.09.17 00:48,24.74,32.81,1
2023.09.17 00:49,20.01,28.89,1
2023.09.17 00:50,21.04,28.48,1
2023.09.17 00:51,18.54,27.72,1
2023.09.17 00:52,12.56,21.76,1
2023.09.17 00:53,11.75,17.47,1
2023.09.17 00:54,12.79,19.39,1
2023.09.17 00:55,11.1,16.17,1
2023.09.17 00:56,14.92,21.19,1
2023.09.17 00:57,10.64,19.43,1
2023.09.17 00:58,16.66,22.53,1
2023.09.17 00:59,16.06,24.59,1
2023.09.17 01:00,15.36,23.16,1
2023.09.17 01:01,16.59,24.72,1
2023.09.17 01:02,11.04,18.51,1
2023.09.17 01:03,11.55,21.49,1
2023.09.17 01:04,13.17,22.94,1
2023.09.17 01:05,23.52,31.94,1
2023.09.17 01:06,17.88,23.99,1
2023.09.17 01:07,19.79,28.01,1
2023.09.17 01:08,24.2,33.79,1
2023.09.17 01:09,16.95,22.4,1
2023.09.17 01:10,17.24,27.06,1
2023.09.17 01:11,12.12,21.96,1
2023.09.17 01:12,16.37,26.07,1
2023.09.17 01:13,15.67,23.23,1
2023.09.17 01:14,19.18,25.03,1
2023.09.17 01:15,17.21,26.1,1
2023.09.17 01:16,16.06,25.74,1
2023.09.17 01:17,11.87,18.76,1
2023.09.17 01:18,20.68,27.57,1
2023.09.17 01:19,18.77,27.26,1
2023.09.17 01:20,24.75,32.71,1
2023.09.17 01:21,12.63,18.95,1
2023.09.17 01:22,14.07,22.76,1
2023.09.17 01:23,12.56,17.71,1
2023.09.17 01:24,19.31,29.13,1
2023.09.17 01:25,14.64,24.05,1
2023.09.17 01:26,22.26,28.9,1
2023.09.17 01:27,11.45,20.2,1
2023.09.17 01:28,13.06,22.82,1
2023.09.17 01:29,17.66,24.25,1
2023.09.17 01:30,19.58,24.76,1
2023.09.17 01:31,15.86,23.33,1
2023.09.17 01:32,23.42,31.29,1
2023.09.17 01:33,21.01,28.52,1
2023.09.17 01:34,21.12,30.99,1
2023.09.17 01:35,15.75,23.59,1
2023.09.17 01:36,20.75,26.29,1
2023.09.17 01:37,11.02,16.51,1
2023.09.17 01:38,11.87,20.49,1
2023.09.17 01:39,19.05,25.55,1
2023.09.17 01:40,11.63,19.34,1
2023.09.17 01:41,11.36,17.46,1
2023.09.17 01:42,21.03,30.38,1
2023.09.17 01:43,15.25,21.82,1
2023.09.17 01:44,23.87,33.43,1
2023.09.17 01:45,16.71,25.23,1
2023.09.17 01:46,20.29,28.46,1
2023.09.17 01:47,11.45,19.12,1
2023.09.17 01:48,18.86,26.02,1
2023.09.17 01:49,24.02,33.35,1
2023.09.17 01:50,18.99,26.64,1
2023.09.17 01:51,12.07,21.97,1
2023.09.17 01:52,16.02,23.75,1
2023.09.17 01:53,19.41,29.01,1
2023.09.17 01:54,12.42,19.39,1
2023.09.17 01:55,12.19,20.64,1
2023.09.17 01:56,12.62,18.95,1
2023.09.17 01:57,22.53,30.18,1
2023.09.17 01:58,13.63,19.65,1
2023.09.17 01:59,18.02,24.55,1
2023.09.17 02:00,20.99,28.19,1
2023.09.17 02:01,23.85,29.6,1
2023.09.17 02:02,12.64,20.15,1
2023.09.17 02:03,22.07,27.9,1
2023.09.17 02:04,24.2,33.27,1
2023.09.17 02:05,14.14,19.82,1
2023.09.17 02:06,10.79,17.73,1
2023.09.17 02:07,14.03,23.85,1
2023.09.17 02:08,14.44,19.61,1
2023.09.17 02:09,24.32,33.13,1
2023.09.17 02:10,11.67,18.54,1
2023.09.17 02:11,22.37,28.74,1
2023.09.17 02:12,12.81,22.57,1
2023.09.17 02:13,22.15,30.49,1
2023.09.17 02:14,18.89,26.65,1
2023.09.17 02:15,20.23,27.93,1
2023.09.17 02:16,17.28,26.71,1
2023.09.17 02:17,11.71,18.37,1
2023.09.17 02:18,19.62,29.02,1
2023.09.17 02:19,13.07,19.6,1
2023.09.17 02:20,24.98,33.28,1
2023.09.17 02:21,24.52,32.43,1
2023.09.17 02:22,11.57,19.45,1
2023.09.17 02:23,14.19,23.16,1
2023.09.17 02:24,23.1,31.29,1
2023.09.17 02:25,10.63,17.2,1
2023.09.17 02:26,15.03,24.22,1
2023.09.17 02:27,23.02,28.62,1
2023.09.17 02:28,11.96,17.26,1
2023.09.17 02:29,16.32,25.55,1
2023.09.17 02:30,14.99,22.22,1
2023.09.17 02:31,19.87,28.43,1
2023.09.17 02:32,22.29,28.88,1
2023.09.17 02:33,19.01,27.07,1
2023.09.17 02:34,22.42,32.32,1
2023.09.17 02:35,24.51,33.39,1
2023.09.17 02:36,17.41,22.94,1
2023.09.17 02:37,23.52,29.3,1
2023.09.17 02:38,12.46,20.6,1
2023.09.17 02:39,14.74,23.92,1
2023.09.17 02:40,10.22,17.66,1
2023.09.17 02:41,22.9,30.7,1
2023.09.17 02:42,10.81,20.33,1
2023.09.17 02:43,14.83,23.32,1
2023.09.17 02:44,22.96,29.67,1
2023.09.17 02:45,15.48,24.58,1
2023.09.17 02:46,18.78,27.27,1
2023.09.17 02:47,22.59,29.49,1
2023.09.17 02:48,17.11,25.88,1
2023.09.17 02:49,18.67,27.73,1
2023.09.17 02:50,10.75,18.18,1
2023.09.17 02:51,17.24,26.53,1
2023.09.17 02:52,14.18,20.52,1
2023.09.17 02:53,23.87,32.82,1
2023.09.17 02:54,16.85,25.2,1
2023.09.17 02:55,24.54,32.74,1
2023.09.17 02:56,16.92,22.49,1
2023.09.17 02:57,20.41,28.65,1
2023.09.17 02:58,22.35,28.73,1
2023.09.17 02:59,23.83,31.5,1
2023.09.17 03:00,19.4,28.37,1
2023.09.17 03:01,10.36,17.08,1
2023.09.17 03:02,18.95,26.83,1
2023.09.17 03:03,10.7,16.56,1
2023.09.17 03:04,22.96,31.21,1
2023.09.17 03:05,14.77,20.72,1
2023.09.17 03:06,21.83,28.54,1
2023.09.17 03:07,22.86,28.15,1
2023.09.17 03:08,23.91,30.42,1
2023.09.17 03:09,15.54,25.36,1
2023.09.17 03:10,20.39,29.09,1
2023.09.17 03:11,15.03,21.42,1
2023.09.17 03:12,17.57,22.96,1
2023.09.17 03:13,20.97,26.06,1
2023.09.17 03:14,13.97,19.63,1
2023.09.17 03:15,13.08,18.71,1
2023.09.17 03:16,22.01,31.04,1
2023.09.17 03:17,11.79,20.97,1
2023.09.17 03:18,17.81,24.24,1
2023.09.17 03:19,20.88,27.17,1
2023.09.17 03:20,23.46,31.62,1
2023.09.17 03:21,23.24,31.8,1
2023.09.17 03:22,18.22,26.97,1
2023.09.17 03:23,12.33,18.07,1
2023.09.17 03:24,19.45,27.93,1
2023.09.17 03:25,22.32,29.97,1
2023.09.17 03:26,24.73,31.62,1
2023.09.17 03:27,14.73,24.5,1
2023.09.17 03:28,24.07,33.17,1
2023.09.17 03:29,23.46,32.37,1
2023.09.17 03:30,10.6,16.95,1
2023.09.17 03:31,23.28,28.75,1
2023.09.17 03:32,23.76,31.74,1
2023.09.17 03:33,19.14,25.8,1
2023.09.17 03:34,16.92,25.22,1
2023.09.17 03:35,15.59,20.99,1
2023.09.17 03:36,10.73,18.17,1
2023.09.17 03:37,11.24,18.94,1
2023.09.17 03:38,24.32,31.58,1
2023.09.17 03:39,23.39,30.6,1
2023.09.17 03:40,14.88,23.95,1
2023.09.17 03:41,12.22,21,1
2023.09.17 03:42,24.95,32.18,1
2023.09.17 03:43,12.62,21.8,1
2023.09.17 03:44,13.73,22.62,1
2023.09.17 03:45,24.15,30.88,1
2023.09.17 03:46,11.2,18.69,1
2023.09.17 03:47,16.98,24.92,1
2023.09.17 03:48,23.76,33.16,1
2023.09.17 03:49,22.57,30.95,1
2023.09.17 03:50,21.47,27.02,1
2023.09.17 03:51,13.36,19.9,1
2023.09.17 03:52,20.21,27.17,1
2023.09.17 03:53,20.42,29.36,1
2023.09.17 03:54,11.71,17.86,1
2023.09.17 03:55,21.66,28.37,1
2023.09.17 03:56,11.24,19.75,1
2023.09.17 03:57,21.56,29.86,1
2023.09.17 03:58,15.81,21.88,1
2023.09.17 03:59,15.24,21,1
2023.09.17 04:00,11,19.7,1
2023.09.17 04:01,21.76,28.15,1
2023.09.17 04:02,10.95,17.31,1
2023.09.17 04:03,11.66,21.36,1
2023.09.17 04:04,19.88,28.86,1
2023.09.17 04:05,24.04,33.76,1
2023.09.17 04:06,18.3,27.52,1
2023.09.17 04:07,12.68,18.02,1
2023.09.17 04:08,19.21,26.22,1
2023.09.17 04:09,23.75,31.37,1
2023.09.17 04:10,13.13,21.57,1
2023.09.17 04:11,20.63,26.13,1
2023.09.17 04:12,21.08,26.74,1
2023.09.17 04:13,12.85,20.65,1
2023.09.17 04:14,16.76,25.19,1
2023.09.17 04:15,17.47,25.19,1
2023.09.17 04:16,22.89,30.21,1
2023.09.17 04:17,11.24,18.49,1
2023.09.17 04:18,12.1,20.09,1
2023.09.17 04:19,21.42,29.37,1
2023.09.17 04:20,20.14,25.5,1
2023.09.17 04:21,17.03,22.76,1
2023.09.17 04:22,17.85,24.38,1
2023.09.17 04:23,24.75,31.79,1
2023.09.17 04:24,24.27,30.21,1
2023.09.17 04:25,11.3,16.36,1
2023.09.17 04:26,15.3,21.62,1
2023.09.17 04:27,10.21,19.53,1
2023.09.17 04:28,21.66,31.16,1
2023.09.17 04:29,21.43,30.87,1
2023.09.17 04:30,10.59,16.47,1
2023.09.17 04:31,22.19,30.44,1
2023.09.17 04:32,23.2,30.85,1
2023.09.17 04:33,11.32,18.37,1
2023.09.17 04:34,23.73,29.52,1
2023.09.17 04:35,17.59,23.67,1
2023.09.17 04:36,12.83,20.11,1
2023.09.17 04:37,15.05,20.83,1
2023.09.17 04:38,24.68,34.13,1
2023.09.17 04:39,19.92,25.04,1
2023.09.17 04:40,12.17,17.25,1
2023.09.17 04:41,19.58,25.73,1
2023.09.17 04:42,20.46,27.91,1
2023.09.17 04:43,24.17,33.97,1
2023.09.17 04:44,17.04,23.88,1
2023.09.17 04:45,20.78,27.09,1
2023.09.17 04:46,20.99,26.7,1
2023.09.17 04:47,18.55,28.33,1
2023.09.17 04:48,15.43,22.69,1
2023.09.17 04:49,20.87,30.84,1
2023.09.17 04:50,20.07,28.65,1
2023.09.17 04:51,12.95,18.78,1
2023.09.17 04:52,15.41,22.33,1
2023.09.17 04:53,23.86,33.41,1
2023.09.17 04:54,11.87,21.32,1
2023.09.17 04:55,12.92,19.01,1
2023.09.17 04:56,14.8,24.74,1
2023.09.17 04:57,14.77,22.79,1
2023.09.17 04:58,21.64,29.23,1
2023.09.17 04:59,16.31,23.39,1
2023.09.17 05:00,13.73,20.12,1
2023.09.17 05:01,16.69,25.65,1
2023.09.17 05:02,13.69,20.02,1
2023.09.17 05:03,24.06,33.54,1
2023.09.17 05:04,24.5,29.7,1
2023.09.17 05:05,23.87,29.96,1
2023.09.17 05:06,22.71,31.47,1
2023.09.17 05:07,14.76,20.28,1
2023.09.17 05:08,22.13,31.65,1
2023.09.17 05:09,17.47,26.66,1
2023.09.17 05:10,19.09,27.59,1
2023.09.17 05:11,16.78,22.45,1
2023.09.17 05:12,22.7,30.36,1
2023.09.17 05:13,19.64,24.72,1
2023.09.17 05:14,11.73,21.12,1
2023.09.17 05:15,10.31,19.07,1
2023.09.17 05:16,15.29,24.21,1
2023.09.17 05:17,10.1,18.32,1
2023.09.17 05:18,11.51,20.39,1
2023.09.17 05:19,10.48,16.38,1
2023.09.17 05:20,17.14,22.22,1
2023.09.17 05:21,13.29,20.26,1
2023.09.17 05:22,21.51,28.28,1
2023.09.17 05:23,11.55,21.1,1
2023.09.17 05:24,15.4,24.66,1
2023.09.17 05:25,22.9,30.63,1
2023.09.17 05:26,14.46,20.88,1
2023.09.17 05:27,15.61,21.63,1
2023.09.17 05:28,12.39,17.99,1
2023.09.17 05:29,19.23,24.52,1
2023.09.17 05:30,11.21,18.73,1
2023.09.17 05:31,13.41,18.47,1
2023.09.17 05:32,20.54,29.31,1
2023.09.17 05:33,23.7,32.99,1
2023.09.17 05:34,18.05,23.21,1
2023.09.17 05:35,13.35,20.38,1
2023.09.17 05:36,21.19,30.48,1
2023.09.17 05:37,18.59,26.18,1
2023.09.17 05:38,19.25,26.06,1
2023.09.17 05:39,23.62,32.89,1
2023.09.17 05:40,10.94,17.29,1
2023.09.17 05:41,13.64,22.49,1
2023.09.17 05:42,15.19,24.47,1
2023.09.17 05:43,15.97,25.47,1
2023.09.17 05:44,22.46,28.81,1
2023.09.17 05:45,20.26,27.89,1
2023.09.17 05:46,24.77,34.71,1
2023.09.17 05:47,23.79,28.98,1
2023.09.17 05:48,10.58,17.18,1
2023.09.17 05:49,12.35,19.38,1
2023.09.17 05:50,20.16,26.93,1
2023.09.17 05:51,20.35,29.83,1
2023.09.17 05:52,23.42,33.07,1
2023.09.17 05:53,17.04,26.46,1
2023.09.17 05:54,20.06,28.84,1
2023.09.17 05:55,22.32,32.28,1
2023.09.17 05:56,16.68,22.07,1
2023.09.17 05:57,16.91,24.66,1
2023.09.17 05:58,16.84,26.11,1
2023.09.17 05:59,12.17,20.52,1
2023.09.17 06:00,0,38.89,0
2023.09.17 06:01,0,37.79,0
2023.09.17 06:02,0,39.55,0
2023.09.17 06:03,0,31.82,0
2023.09.17 06:04,0,34.34,0
2023.09.17 06:05,0,31.12,0
2023.09.17 06:06,0,31.17,0
2023.09.17 06:07,0,30.1,0
2023.09.17 06:08,0,33.03,0
2023.09.17 06:09,0,36.78,0
2023.09.17 06:10,0,34.76,0
2023.09.17 06:11,0,35.13,0
2023.09.17 06:12,0,39.46,0
2023.09.17 06:13,0,30.95,0
2023.09.17 06:14,0,32.24,0
2023.09.17 06:15,0,37.94,0
2023.09.17 06:16,0,37.55,0
2023.09.17 06:17,0,38.29,0
2023.09.17 06:18,0,32.54,0
2023.09.17 06:19,0,39.57,0
2023.09.17 06:20,0,37.71,0
2023.09.17 06:21,0,33.07,0
2023.09.17 06:22,0,35.4,0
2023.09.17 06:23,0,38.26,0
2023.09.17 06:24,0,30.22,0
2023.09.17 06:25,0,30.08,0
2023.09.17 06:26,0,33.1,0
2023.09.17 06:27,0,36.81,0
2023.09.17 06:28,0,34.35,0
2023.09.17 06:29,0,31.35,0
2023.09.17 06:30,0,33.44,0
2023.09.17 06:31,0,31.84,0
2023.09.17 06:32,0,33.93,0
2023.09.17 06:33,0,31.98,0
2023.09.17 06:34,0,36.55,0
2023.09.17 06:35,0,37.39,0
2023.09.17 06:36,0,39.38,0
2023.09.17 06:37,0,36.04,0
2023.09.17 06:38,0,39.71,0
2023.09.17 06:39,0,32.28,0
2023.09.17 06:40,0,32.74,0
2023.09.17 06:41,0,31.28,0
2023.09.17 06:42,0,38.85,0
2023.09.17 06:43,0,32.1,0
2023.09.17 06:44,0,37.3,0
2023.09.17 06:45,0,39.79,0
2023.09.17 06:46,0,32.9,0
2023.09.17 06:47,0,34.07,0
2023.09.17 06:48,0,35.67,0
2023.09.17 06:49,0,39.99,0
2023.09.17 06:50,0,37.13,0
2023.09.17 06:51,0,35.18,0
2023.09.17 06:52,0,30.53,0
2023.09.17 06:53,0,34.55,0
2023.09.17 06:54,0,34.82,0
2023.09.17 06:55,0,32.08,0
2023.09.17 06:56,0,30.56,0
2023.09.17 06:57,0,37.59,0
2023.09.17 06:58,0,32.17,0
2023.09.17 06:59,0,33.89,0
2023.09.17 07:00,0,39.78,0
2023.09.17 07:01,0,34.33,0
2023.09.17 07:02,0,30.18,0
2023.09.17 07:03,0,37.9,0
2023.09.17 07:04,0,32.52,0
2023.09.17 07:05,0,35.78,0
2023.09.17 07:06,0,38.43,0
2023.09.17 07:07,0,31.27,0
2023.09.17 07:08,0,37.54,0
2023.09.17 07:09,0,31.54,0
2023.09.17 07:10,0,30.09,0
2023.09.17 07:11,0,31.4,0
2023.09.17 07:12,0,34.49,0
2023.09.17 07:13,0,33.82,0
2023.09.17 07:14,0,34.48,0
2023.09.17 07:15,0,31.56,0
2023.09.17 07:16,0,32.95,0
2023.09.17 07:17,0,36.76,0
2023.09.17 07:18,0,33.26,0
2023.09.17 07:19,0,38.03,0
2023.09.17 07:20,0,39.26,0
2023.09.17 07:21,0,35.94,0
2023.09.17 07:22,0,39.17,0
2023.09.17 07:23,0,30.21,0
2023.09.17 07:24,0,39.26,0
2023.09.17 07:25,0,34.59,0
2023.09.17 07:26,0,31.57,0
2023.09.17 07:27,0,35.03,0
2023.09.17 07:28,0,35.63,0
2023.09.17 07:29,0,34.35,0
2023.09.17 07:30,0,31.38,0
2023.09.17 07:31,0,32.79,0
2023.09.17 07:32,0,37.14,0
2023.09.17 07:33,0,30.6,0
2023.09.17 07:34,0,39.12,0
2023.09.17 07:35,0,32.36,0
2023.09.17 07:36,0,32.98,0
2023.09.17 07:37,0,34.52,0
2023.09.17 07:38,0,33.71,0
2023.09.17 07:39,0,39.84,0
2023.09.17 07:40,0,39.97,0
2023.09.17 07:41,0,36.88,0
2023.09.17 07:42,0,36.29,0
2023.09.17 07:43,0,36.3,0
2023.09.17 07:44,0,31.8,0
2023.09.17 07:45,0,31.04,0
2023.09.17 07:46,0,33.02,0
2023.09.17 07:47,0,36.98,0
2023.09.17 07:48,0,39.51,0
2023.09.17 07:49,0,36.28,0
2023.09.17 07:50,0,33.03,0
2023.09.17 07:51,0,36.55,0
2023.09.17 07:52,0,39.8,0
2023.09.17 07:53,0,35.83,0
2023.09.17 07:54,0,33.05,0
2023.09.17 07:55,0,32.27,0
2023.09.17 07:56,0,32.97,0
2023.09.17 07:57,0,37.88,0
2023.09.17 07:58,0,37.86,0
2023.09.17 07:59,0,39.95,0
2023.09.17 08:00,73.08,85.2,1
2023.09.17 08:01,78.35,93.55,1
2023.09.17 08:02,69.54,88.14,1
2023.09.17 08:03,56.94,73.37,1
2023.09.17 08:04,74.11,84.8,1
2023.09.17 08:05,53.9,68.03,1
2023.09.17 08:06,89.5,108.27,1
2023.09.17 08:07,83.59,99,1
2023.09.17 08:08,52.24,69.34,1
2023.09.17 08:09,87.21,99.05,1
2023.09.17 08:10,68.74,80.09,1
2023.09.17 08:11,71.18,84.52,1
2023.09.17 08:12,84.83,95.99,1
2023.09.17 08:13,50.75,61.55,1
2023.09.17 08:14,52.06,69.66,1
2023.09.17 08:15,56.64,72.02,1
2023.09.17 08:16,76.07,88.65,1
2023.09.17 08:17,75.75,88.56,1
2023.09.17 08:18,86.42,100.6,1
2023.09.17 08:19,61.38,78.58,1
2023.09.17 08:20,52.23,71.04,1
2023.09.17 08:21,63.93,83.74,1
2023.09.17 08:22,84.26,103.37,1
2023.09.17 08:23,60.24,74.94,1
2023.09.17 08:24,71.52,85.68,1
2023.09.17 08:25,77.62,92.93,1
2023.09.17 08:26,79.63,96.39,1
2023.09.17 08:27,78.21,90.78,1
2023.09.17 08:28,67.5,78.83,1
2023.09.17 08:29,69.83,88.14,1
2023.09.17 08:30,81.14,95.51,1
2023.09.17 08:31,81.58,96.3,1
2023.09.17 08:32,74.97,94.1,1
2023.09.17 08:33,65.45,79.69,1
2023.09.17 08:34,55.54,70.61,1
2023.09.17 08:35,59.65,72.04,1
2023.09.17 08:36,57.23,70.01,1
2023.09.17 08:37,75.16,94.83,1
2023.09.17 08:38,65.85,80.93,1
2023.09.17 08:39,63.66,81.54,1
2023.09.17 08:40,83.65,99.03,1
2023.09.17 08:41,73.45,83.75,1
2023.09.17 08:42,78.03,93,1
2023.09.17 08:43,59.21,73.99,1
2023.09.17 08:44,56.31,68.5,1
2023.09.17 08:45,62.05,76.21,1
2023.09.17 08:46,79.98,97.61,1
2023.09.17 08:47,58.57,76.32,1
2023.09.17 08:48,74.87,85.93,1
2023.09.17 08:49,50.24,64.67,1
2023.09.17 08:50,86.85,104.83,1
2023.09.17 08:51,89.4,106.9,1
2023.09.17 08:52,58.34,74.06,1
2023.09.17 08:53,73.47,92.17,1
2023.09.17 08:54,56.58,68.44,1
2023.09.17 08:55,86.07,105.38,1
2023.09.17 08:56,52.78,63.16,1
2023.09.17 08:57,61.69,75.86,1
2023.09.17 08:58,69.46,83.78,1
2023.09.17 08:59,80.3,95.69,1
2023.09.17 09:00,63.81,81.04,1
2023.09.17 09:01,58.68,69.47,1
2023.09.17 09:02,55.83,75.42,1
2023.09.17 09:03,77.19,91.89,1
2023.09.17 09:04,62.85,73.15,1
2023.09.17 09:05,64.04,80.47,1
2023.09.17 09:06,85.55,103.65,1
2023.09.17 09:07,53.31,68.86,1
2023.09.17 09:08,65.9,78.25,1
2023.09.17 09:09,58.9,70.39,1
2023.09.17 09:10,83.41,101.2,1
2023.09.17 09:11,83.1,102.34,1
2023.09.17 09:12,73.99,87.2,1
2023.09.17 09:13,67.13,78.99,1
2023.09.17 09:14,84.2,104.05,1
2023.09.17 09:15,50.04,65.57,1
2023.09.17 09:16,73.89,84.98,1
2023.09.17 09:17,73.12,85.63,1
2023.09.17 09:18,71.43,83.03,1
2023.09.17 09:19,89.03,101.88,1
2023.09.17 09:20,68.31,78.94,1
2023.09.17 09:21,67.79,83.72,1
2023.09.17 09:22,53.66,64.83,1
2023.09.17 09:23,76.34,95.55,1
2023.09.17 09:24,74.27,88.09,1
2023.09.17 09:25,64.08,76.46,1
2023.09.17 09:26,82.12,94.1,1
2023.09.17 09:27,53.48,65.22,1
2023.09.17 09:28,78.6,91.42,1
2023.09.17 09:29,53.38,64.86,1
2023.09.17 09:30,83.88,100.52,1
2023.09.17 09:31,81.57,97.19,1
2023.09.17 09:32,69.55,85.32,1
2023.09.17 09:33,84.36,101.14,1
2023.09.17 09:34,74.1,87.23,1
2023.09.17 09:35,72.43,88.01,1
2023.09.17 09:36,73.35,92.79,1
2023.09.17 09:37,55.49,73.51,1
2023.09.17 09:38,81.6,99.61,1
2023.09.17 09:39,72.91,88.5,1
2023.09.17 09:40,54.61,69.68,1
2023.09.17 09:41,62.73,80.59,1
2023.09.17 09:42,51.37,65.94,1
2023.09.17 09:43,88.83,103.75,1
2023.09.17 09:44,69.55,85.65,1
2023.09.17 09:45,73.82,86.28,1
2023.09.17 09:46,78.15,93.67,1
2023.09.17 09:47,64.91,76.16,1
2023.09.17 09:48,70.83,89.97,1
2023.09.17 09:49,70.5,88.36,1
2023.09.17 09:50,54.87,67.98,1
2023.09.17 09:51,87.18,101.15,1
2023.09.17 09:52,53.07,65.02,1
2023.09.17 09:53,50.15,66.78,1
2023.09.17 09:54,69.86,81.42,1
2023.09.17 09:55,84.16,97.53,1
2023.09.17 09:56,77.77,92.46,1
2023.09.17 09:57,88.16,99.77,1
2023.09.17 09:58,56.8,76.13,1
2023.09.17 09:59,73.32,87.12,1
2023.09.17 10:00,86.72,99.99,1
2023.09.17 10:01,72.56,88.78,1
2023.09.17 10:02,51.21,62.63,1
2023.09.17 10:03,89.14,100.74,1
2023.09.17 10:04,62.61,78.7,1
2023.09.17 10:05,52.15,65.39,1
2023.09.17 10:06,57.53,71.48,1
2023.09.17 10:07,59.28,70.11,1
2023.09.17 10:08,65.97,83.89,1
2023.09.17 10:09,69.74,86.19,1
2023.09.17 10:10,60.54,76.95,1
2023.09.17 10:11,65.17,77.68,1
2023.09.17 10:12,87.14,104.41,1
2023.09.17 10:13,81.72,93.74,1
2023.09.17 10:14,85.16,104,1
2023.09.17 10:15,73.44,89.08,1
2023.09.17 10:16,62.32,78.24,1
2023.09.17 10:17,55.47,74.73,1
2023.09.17 10:18,58.47,72.58,1
2023.09.17 10:19,74.63,85.1,1
2023.09.17 10:20,52.5,64.6,1
2023.09.17 10:21,66,78.25,1
2023.09.17 10:22,77.8,95.62,1
2023.09.17 10:23,55.65,72.94,1
2023.09.17 10:24,74.3,85.19,1
2023.09.17 10:25,63.23,80.44,1
2023.09.17 10:26,58.97,69.84,1
2023.09.17 10:27,82.19,98.65,1
2023.09.17 10:28,81.49,99.73,1
2023.09.17 10:29,71.26,83.48,1
2023.09.17 10:30,68.4,80.55,1
2023.09.17 10:31,57.72,75.46,1
2023.09.17 10:32,86.2,103.69,1
2023.09.17 10:33,71.08,89.9,1
2023.09.17 10:34,53.09,64.64,1
2023.09.17 10:35,55.31,74.96,1
2023.09.17 10:36,58.65,78.06,1
2023.09.17 10:37,68.22,85.6,1
2023.09.17 10:38,52.37,68.07,1
2023.09.17 10:39,88.85,100.76,1
2023.09.17 10:40,54.38,74.27,1
2023.09.17 10:41,56.52,67.19,1
2023.09.17 10:42,65.32,76.81,1
2023.09.17 10:43,79.85,96.71,1
2023.09.17 10:44,67.84,79.09,1
2023.09.17 10:45,79.65,92.17,1
2023.09.17 10:46,77.75,92.71,1
2023.09.17 10:47,66.43,84.22,1
2023.09.17 10:48,81.25,97.44,1
2023.09.17 10:49,81.65,92.65,1
2023.09.17 10:50,82.65,98.29,1
2023.09.17 10:51,70.84,85.73,1
2023.09.17 10:52,67.63,83.18,1
2023.09.17 10:53,87.98,106.05,1
2023.09.17 10:54,58.06,76.75,1
2023.09.17 10:55,51.82,63.99,1
2023.09.17 10:56,76.96,90.7,1
2023.09.17 10:57,68.41,88.38,1
2023.09.17 10:58,76.21,86.29,1
2023.09.17 10:59,58.4,69.1,1
2023.09.17 11:00,64.27,82.28,1
2023.09.17 11:01,83.22,98.72,1
2023.09.17 11:02,87.84,100.15,1
2023.09.17 11:03,71.37,87.97,1
2023.09.17 11:04,88.69,99.25,1
2023.09.17 11:05,84.05,95.48,1
2023.09.17 11:06,55.68,66.22,1
2023.09.17 11:07,68.86,83.25,1
2023.09.17 11:08,82.29,96.77,1
2023.09.17 11:09,70.9,87.8,1
2023.09.17 11:10,80.85,92.85,1
2023.09.17 11:11,62.59,81.25,1
2023.09.17 11:12,77.61,95.27,1
2023.09.17 11:13,76.62,88.08,1
2023.09.17 11:14,56.26,69.59,1
2023.09.17 11:15,60.95,71.03,1
2023.09.17 11:16,72.83,83.46,1
2023.09.17 11:17,60.26,73.75,1
2023.09.17 11:18,70.83,84.48,1
2023.09.17 11:19,85.49,99.11,1
2023.09.17 11:20,83.49,100.86,1
2023.09.17 11:21,80.8,99.14,1
2023.09.17 11:22,78.33,91.74,1
2023.09.17 11:23,57.23,76.9,1
2023.09.17 11:24,59.57,69.76,1
2023.09.17 11:25,52.55,70.96,1
2023.09.17 11:26,75.05,86.37,1
2023.09.17 11:27,59.03,70.54,1
2023.09.17 11:28,77.01,89.62,1
2023.09.17 11:29,73.72,92.92,1
2023.09.17 11:30,79.77,94.5,1
2023.09.17 11:31,50.65,65.01,1
2023.09.17 11:32,62.35,78.86,1
2023.09.17 11:33,89.49,108.02,1
2023.09.17 11:34,60.43,71.07,1
2023.09.17 11:35,82.74,97.25,1
2023.09.17 11:36,79.66,91.83,1
2023.09.17 11:37,61.04,79.3,1
2023.09.17 11:38,80.93,98.69,1
2023.09.17 11:39,66.24,85.33,1
2023.09.17 11:40,58.4,71.19,1
2023.09.17 11:41,61.92,72.25,1
2023.09.17 11:42,72.35,84.13,1
2023.09.17 11:43,83.55,103.15,1
2023.09.17 11:44,51.35,68.31,1
2023.09.17 11:45,53.15,64.85,1
2023.09.17 11:46,82.26,101.49,1
2023.09.17 11:47,77.98,92.83,1
2023.09.17 11:48,81.31,96.94,1
2023.09.17 11:49,58.53,73.49,1
2023.09.17 11:50,66.1,83.32,1
2023.09.17 11:51,87.7,99.38,1
2023.09.17 11:52,85.65,97.86,1
2023.09.17 11:53,71.49,85.59,1
2023.09.17 11:54,54.59,73.79,1
2023.09.17 11:55,80.83,94.59,1
2023.09.17 11:56,77.53,94.67,1
2023.09.17 11:57,74.87,92.22,1
2023.09.17 11:58,60.97,80.27,1
2023.09.17 11:59,57.86,69.87,1
2023.09.17 12:00,46,55.07,1
2023.09.17 12:01,58.18,67.32,1
2023.09.17 12:02,49.53,58.55,1
2023.09.17 12:03,47.97,57.18,1
2023.09.17 12:04,49,58.05,1
2023.09.17 12:05,49.64,59.08,1
2023.09.17 12:06,55.15,64.38,1
2023.09.17 12:07,54.51,64.21,1
2023.09.17 12:08,52.37,61.57,1
2023.09.17 12:09,47.78,57.37,1
2023.09.17 12:10,47.93,57.31,1
2023.09.17 12:11,49.82,59.42,1
2023.09.17 12:12,50.01,59.4,1
2023.09.17 12:13,47.87,57.6,1
2023.09.17 12:14,54.27,63.73,1
2023.09.17 12:15,59.12,68.34,1
2023.09.17 12:16,48.45,57.68,1
2023.09.17 12:17,57.28,66.95,1
2023.09.17 12:18,45.77,55.67,1
2023.09.17 12:19,55.21,64.74,1
2023.09.17 12:20,51.28,61.12,1
2023.09.17 12:21,45.7,55.03,1
2023.09.17 12:22,54.94,64.44,1
2023.09.17 12:23,56.56,66.26,1
2023.09.17 12:24,46.89,55.99,1
2023.09.17 12:25,53.86,63.23,1
2023.09.17 12:26,53.67,63.54,1
2023.09.17 12:27,49.97,58.99,1
2023.09.17 12:28,59.18,68.51,1
2023.09.17 12:29,48.88,57.91,1
2023.09.17 12:30,45.79,55.73,1
2023.09.17 12:31,47.76,57.21,1
2023.09.17 12:32,54.64,64.4,1
2023.09.17 12:33,47.93,57.52,1
2023.09.17 12:34,49.13,58.84,1
2023.09.17 12:35,53.1,62.61,1
2023.09.17 12:36,57.78,67.41,1
2023.09.17 12:37,45.83,55.1,1
2023.09.17 12:38,50.84,60.05,1
2023.09.17 12:39,55.88,65.01,1
2023.09.17 12:40,50.85,60.32,1
2023.09.17 12:41,50.81,60.16,1
2023.09.17 12:42,53.85,63.42,1
2023.09.17 12:43,50.37,60.01,1
2023.09.17 12:44,47.33,56.42,1
2023.09.17 12:45,56.39,66.31,1
2023.09.17 12:46,50.81,60.39,1
2023.09.17 12:47,54.33,63.66,1
2023.09.17 12:48,57.7,66.92,1
2023.09.17 12:49,51.34,60.79,1
2023.09.17 12:50,50.81,59.85,1
2023.09.17 12:51,53.61,63.37,1
2023.09.17 12:52,59.33,69.15,1
2023.09.17 12:53,53.03,62.14,1
2023.09.17 12:54,47.83,57.67,1
2023.09.17 12:55,54.19,63.37,1
2023.09.17 12:56,56.6,66.31,1
2023.09.17 12:57,48.67,58.19,1
2023.09.17 12:58,48.59,58.26,1
2023.09.17 12:59,53.21,62.85,1
2023.09.17 13:00,50.67,60.33,1
2023.09.17 13:01,47.23,56.64,1
2023.09.17 13:02,56.27,65.99,1
2023.09.17 13:03,58.62,68.05,1
2023.09.17 13:04,57.23,66.71,1
2023.09.17 13:05,59,68.46,1
2023.09.17 13:06,45.45,55.1,1
2023.09.17 13:07,51.25,60.43,1
2023.09.17 13:08,59.48,68.99,1
2023.09.17 13:09,48.29,58.23,1
2023.09.17 13:10,56.96,66.9,1
2023.09.17 13:11,56.66,66.32,1
2023.09.17 13:12,56.96,66.56,1
2023.09.17 13:13,58.44,67.77,1
2023.09.17 13:14,50.66,59.9,1
2023.09.17 13:15,47.87,57.04,1
2023.09.17 13:16,45.04,54.58,1
2023.09.17 13:17,52.32,62.19,1
2023.09.17 13:18,57.41,66.64,1
2023.09.17 13:19,48.99,58.91,1
2023.09.17 13:20,48.18,57.64,1
2023.09.17 13:21,49.91,59.56,1
2023.09.17 13:22,50.53,59.95,1
2023.09.17 13:23,48.28,58.25,1
2023.09.17 13:24,49.31,59.02,1
2023.09.17 13:25,53.73,63.56,1
2023.09.17 13:26,55.65,65.3,1
2023.09.17 13:27,53.11,62.6,1
2023.09.17 13:28,50.93,60.1,1
2023.09.17 13:29,51.14,60.14,1
2023.09.17 13:30,46.76,56.01,1
2023.09.17 13:31,52.98,62.44,1
2023.09.17 13:32,57.64,66.78,1
2023.09.17 13:33,56.76,66.56,1
2023.09.17 13:34,49.87,59.04,1
2023.09.17 13:35,50.44,59.59,1
2023.09.17 13:36,58.48,67.52,1
2023.09.17 13:37,56.61,65.9,1
2023.09.17 13:38,54.45,63.98,1
2023.09.17 13:39,53.65,63.42,1
2023.09.17 13:40,46.01,55.86,1
2023.09.17 13:41,49.61,59.41,1
2023.09.17 13:42,56.73,66.17,1
2023.09.17 13:43,47.89,57.35,1
2023.09.17 13:44,53.21,62.9,1
2023.09.17 13:45,55.71,64.8,1
2023.09.17 13:46,52.45,62.43,1
2023.09.17 13:47,57.24,66.48,1
2023.09.17 13:48,57.48,66.81,1
2023.09.17 13:49,53.6,62.68,1
2023.09.17 13:50,55.59,65.29,1
2023.09.17 13:51,51.33,60.95,1
2023.09.17 13:52,55.42,64.64,1
2023.09.17 13:53,54.83,64.5,1
2023.09.17 13:54,58.36,68.32,1
2023.09.17 13:55,55.74,64.96,1
2023.09.17 13:56,45.19,54.67,1
2023.09.17 13:57,59.92,69.07,1
2023.09.17 13:58,46.23,55.37,1
2023.09.17 13:59,48.53,57.84,1
2023.09.17 14:00,47.47,57.47,1
2023.09.17 14:01,50.6,59.89,1
2023.09.17 14:02,50.89,60.42,1
2023.09.17 14:03,54.07,63.28,1
2023.09.17 14:04,59.54,68.89,1
2023.09.17 14:05,56.39,65.68,1
2023.09.17 14:06,47.56,56.72,1
2023.09.17 14:07,53.96,63.07,1
2023.09.17 14:08,50.81,60.35,1
2023.09.17 14:09,52.08,62.04,1
2023.09.17 14:10,46.81,55.95,1
2023.09.17 14:11,58.8,68.41,1
2023.09.17 14:12,51.94,61.25,1
2023.09.17 14:13,46.85,56.75,1
2023.09.17 14:14,59.89,69.11,1
2023.09.17 14:15,58.14,68.1,1
2023.09.17 14:16,48.35,57.36,1
2023.09.17 14:17,54.17,63.7,1
2023.09.17 14:18,55.32,64.99,1
2023.09.17 14:19,49.87,59.85,1
2023.09.17 14:20,52.72,62.67,1
2023.09.17 14:21,55.53,64.84,1
2023.09.17 14:22,58.13,67.66,1
2023.09.17 14:23,53.79,62.88,1
2023.09.17 14:24,59.8,69.56,1
2023.09.17 14:25,59.85,69.23,1
2023.09.17 14:26,52.04,62,1
2023.09.17 14:27,48.16,58.04,1
2023.09.17 14:28,55.66,65.07,1
2023.09.17 14:29,49,58.52,1
2023.09.17 14:30,53.49,62.8,1
2023.09.17 14:31,56.55,65.63,1
2023.09.17 14:32,47.22,56.78,1
2023.09.17 14:33,53.76,63.01,1
2023.09.17 14:34,55.29,65.21,1
2023.09.17 14:35,46.14,55.27,1
2023.09.17 14:36,51.58,61.2,1
2023.09.17 14:37,53.25,62.51,1
2023.09.17 14:38,51.24,60.24,1
2023.09.17 14:39,52.5,61.87,1
2023.09.17 14:40,48.59,58.39,1
2023.09.17 14:41,54.57,64.29,1
2023.09.17 14:42,57.13,67.06,1
2023.09.17 14:43,49.23,59.04,1
2023.09.17 14:44,53.64,63.34,1
2023.09.17 14:45,53.23,62.26,1
2023.09.17 14:46,46.87,56.79,1
2023.09.17 14:47,45.21,55.08,1
2023.09.17 14:48,51.66,61.09,1
2023.09.17 14:49,58.62,68.58,1
2023.09.17 14:50,56.62,66.53,1
2023.09.17 14:51,55.33,64.88,1
2023.09.17 14:52,46.72,56.09,1
2023.09.17 14:53,57.5,67.06,1
2023.09.17 14:54,53.32,63.25,1
2023.09.17 14:55,59.72,68.75,1
2023.09.17 14:56,50.74,60.62,1
2023.09.17 14:57,47.42,57.39,1
2023.09.17 14:58,52.83,62.48,1
2023.09.17 14:59,55.12,64.68,1
2023.09.17 15:00,48.37,58.04,1
2023.09.17 15:01,50.42,59.56,1
2023.09.17 15:02,46.68,56.22,1
2023.09.17 15:03,50.86,59.92,1
2023.09.17 15:04,53.77,63.42,1
2023.09.17 15:05,51.45,60.57,1
2023.09.17 15:06,50.13,60.02,1
2023.09.17 15:07,45.4,54.44,1
2023.09.17 15:08,49,58.47,1
2023.09.17 15:09,49.43,58.79,1
2023.09.17 15:10,47.92,57.88,1
2023.09.17 15:11,53.61,63.17,1
2023.09.17 15:12,47.35,57.32,1
2023.09.17 15:13,52.75,62.02,1
2023.09.17 15:14,53.16,62.68,1
2023.09.17 15:15,48.21,57.51,1
2023.09.17 15:16,48.59,57.98,1
2023.09.17 15:17,49.84,59.65,1
2023.09.17 15:18,48.01,57.8,1
2023.09.17 15:19,57.87,67.12,1
2023.09.17 15:20,47.12,56.16,1
2023.09.17 15:21,48.83,57.95,1
2023.09.17 15:22,59.12,68.76,1
2023.09.17 15:23,53.14,62.32,1
2023.09.17 15:24,47.53,57.11,1
2023.09.17 15:25,59.72,68.86,1
2023.09.17 15:26,54.18,63.57,1
2023.09.17 15:27,50.09,59.34,1
2023.09.17 15:28,45.93,55.37,1
2023.09.17 15:29,45.39,54.49,1
2023.09.17 15:30,54.76,64.45,1
2023.09.17 15:31,55.27,64.53,1
2023.09.17 15:32,59.14,68.9,1
2023.09.17 15:33,52.35,61.37,1
2023.09.17 15:34,54.57,63.62,1
2023.09.17 15:35,49.45,58.81,1
2023.09.17 15:36,47.54,56.55,1
2023.09.17 15:37,45.31,54.93,1
2023.09.17 15:38,55.61,65.08,1
2023.09.17 15:39,46.31,55.68,1
2023.09.17 15:40,46.27,55.45,1
2023.09.17 15:41,53.66,63.24,1
2023.09.17 15:42,58.94,68.79,1
2023.09.17 15:43,55.88,65.76,1
2023.09.17 15:44,58.02,68.01,1
2023.09.17 15:45,56.56,66.29,1
2023.09.17 15:46,45.01,54.25,1
2023.09.17 15:47,56.47,66.35,1
2023.09.17 15:48,59.52,69.45,1
2023.09.17 15:49,57.34,67.04,1
2023.09.17 15:50,57.81,67,1
2023.09.17 15:51,52.53,62.03,1
2023.09.17 15:52,57.64,67.26,1
2023.09.17 15:53,51.27,60.43,1
2023.09.17 15:54,45.29,54.91,1
2023.09.17 15:55,59.43,68.66,1
2023.09.17 15:56,59.57,68.64,1
2023.09.17 15:57,59.91,69.62,1
2023.09.17 15:58,57.68,66.85,1
2023.09.17 15:59,55.25,64.89,1
2023.09.17 16:00,50.57,60.45,1
2023.09.17 16:01,48.71,58.6,1
2023.09.17 16:02,58.84,68.52,1
2023.09.17 16:03,48.08,57.41,1
2023.09.17 16:04,46.19,55.31,1
2023.09.17 16:05,58.4,67.44,1
2023.09.17 16:06,49.67,59.2,1
2023.09.17 16:07,51.37,61.32,1
2023.09.17 16:08,50.01,59.87,1
2023.09.17 16:09,59.54,69.46,1
2023.09.17 16:10,51.26,61.05,1
2023.09.17 16:11,48.37,57.54,1
2023.09.17 16:12,51.3,60.64,1
2023.09.17 16:13,48.09,57.34,1
2023.09.17 16:14,54.19,63.71,1
2023.09.17 16:15,45.57,54.78,1
2023.09.17 16:16,51.1,60.32,1
2023.09.17 16:17,48.91,58.62,1
2023.09.17 16:18,59.37,69.01,1
2023.09.17 16:19,48.91,58.13,1
2023.09.17 16:20,48.68,58.2,1
2023.09.17 16:21,57.75,67.72,1
2023.09.17 16:22,54.13,63.32,1
2023.09.17 16:23,55.02,64.45,1
2023.09.17 16:24,59.29,68.5,1
2023.09.17 16:25,45.79,55.57,1
2023.09.17 16:26,56.48,66.47,1
2023.09.17 16:27,48.7,57.91,1
2023.09.17 16:28,57.82,67.22,1
2023.09.17 16:29,50.04,59.32,1
2023.09.17 16:30,48.96,58.78,1
2023.09.17 16:31,46.58,55.85,1
2023.09.17 16:32,46.55,56.33,1
2023.09.17 16:33,46.18,56.11,1
2023.09.17 16:34,47.26,57.02,1
2023.09.17 16:35,50.56,60.1,1
2023.09.17 16:36,59.36,68.97,1
2023.09.17 16:37,54.39,64.31,1
2023.09.17 16:38,57.48,67.05,1
2023.09.17 16:39,48.4,58.09,1
2023.09.17 16:40,52.91,62.32,1
2023.09.17 16:41,47.6,57.28,1
2023.09.17 16:42,55.04,64.68,1
2023.09.17 16:43,52.76,61.89,1
2023.09.17 16:44,59.66,69.04,1
2023.09.17 16:45,59.94,69.01,1
2023.09.17 16:46,46.36,55.73,1
2023.09.17 16:47,53.4,62.46,1
2023.09.17 16:48,50.93,60.78,1
2023.09.17 16:49,57.4,66.73,1
2023.09.17 16:50,53.75,62.79,1
2023.09.17 16:51,46.33,56.26,1
2023.09.17 16:52,57.04,66.62,1
2023.09.17 16:53,51.09,60.9,1
2023.09.17 16:54,47.39,56.47,1
2023.09.17 16:55,52.26,61.51,1
2023.09.17 16:56,45.54,55.13,1
2023.09.17 16:57,52.37,61.53,1
2023.09.17 16:58,47.12,56.93,1
2023.09.17 16:59,55.52,65.3,1
2023.09.17 17:00,52.01,61.72,1
2023.09.17 17:01,58.05,67.29,1
2023.09.17 17:02,50.54,60.29,1
2023.09.17 17:03,53.3,62.66,1
2023.09.17 17:04,56.7,66.09,1
2023.09.17 17:05,47.14,56.51,1
2023.09.17 17:06,47.61,56.72,1
2023.09.17 17:07,48.97,58.05,1
2023.09.17 17:08,49.29,58.39,1
2023.09.17 17:09,50,59.31,1
2023.09.17 17:10,55.67,64.91,1
2023.09.17 17:11,51.79,61.21,1
2023.09.17 17:12,52.45,61.89,1
2023.09.17 17:13,53.92,63.05,1
2023.09.17 17:14,52.68,62.62,1
2023.09.17 17:15,59.11,68.78,1
2023.09.17 17:16,58.83,67.88,1
2023.09.17 17:17,53.28,62.43,1
2023.09.17 17:18,50.11,60.06,1
2023.09.17 17:19,46.22,55.86,1
2023.09.17 17:20,49.88,59.41,1
2023.09.17 17:21,46.06,55.29,1
2023.09.17 17:22,55.66,64.74,1
2023.09.17 17:23,52.14,61.67,1
2023.09.17 17:24,58.5,67.78,1
2023.09.17 17:25,52.14,61.46,1
2023.09.17 17:26,54.83,64.7,1
2023.09.17 17:27,49.01,58.65,1
2023.09.17 17:28,46.42,56.3,1
2023.09.17 17:29,52.85,61.86,1
2023.09.17 17:30,53.99,63.54,1
2023.09.17 17:31,51.24,61.07,1
2023.09.17 17:32,45.89,55.17,1
2023.09.17 17:33,54.54,63.99,1
2023.09.17 17:34,51.54,61.29,1
2023.09.17 17:35,54.09,63.47,1
2023.09.17 17:36,58.99,68.12,1
2023.09.17 17:37,48.21,58.1,1
2023.09.17 17:38,47.15,56.58,1
2023.09.17 17:39,55.56,65.16,1
2023.09.17 17:40,51.71,61.64,1
2023.09.17 17:41,45.53,55.3,1
2023.09.17 17:42,53.34,62.97,1
2023.09.17 17:43,58.97,68.9,1
2023.09.17 17:44,53.56,63.34,1
2023.09.17 17:45,45.65,54.67,1
2023.09.17 17:46,46.82,56.17,1
2023.09.17 17:47,47.21,57.1,1
2023.09.17 17:48,47.37,56.37,1
2023.09.17 17:49,45.71,54.77,1
2023.09.17 17:50,56.32,65.73,1
2023.09.17 17:51,58.76,68.64,1
2023.09.17 17:52,57.59,67.43,1
2023.09.17 17:53,47.02,56.67,1
2023.09.17 17:54,46.86,56.07,1
2023.09.17 17:55,49.07,58.64,1
2023.09.17 17:56,54.14,63.18,1
2023.09.17 17:57,57.16,66.71,1
2023.09.17 17:58,59.69,69.52,1
2023.09.17 17:59,49.58,59.33,1
2023.09.17 18:00,57.78,66.82,1
2023.09.17 18:01,47.6,57.28,1
2023.09.17 18:02,50.42,60.04,1
2023.09.17 18:03,45.76,55.22,1
2023.09.17 18:04,56.4,65.43,1
2023.09.17 18:05,54.53,63.73,1
2023.09.17 18:06,56.89,66.4,1
2023.09.17 18:07,48.88,57.89,1
2023.09.17 18:08,50.76,59.9,1
2023.09.17 18:09,60,69.77,1
2023.09.17 18:10,56.94,66.49,1
2023.09.17 18:11,45.25,54.49,1
2023.09.17 18:12,56.59,66.07,1
2023.09.17 18:13,58.63,68.46,1
2023.09.17 18:14,50.18,59.56,1
2023.09.17 18:15,50.3,60.29,1
2023.09.17 18:16,59.08,68.94,1
2023.09.17 18:17,59.34,69.06,1
2023.09.17 18:18,46.26,55.99,1
2023.09.17 18:19,48.69,58.37,1
2023.09.17 18:20,54.18,63.5,1
2023.09.17 18:21,45.09,54.92,1
2023.09.17 18:22,51.29,60.4,1
2023.09.17 18:23,55.33,64.81,1
2023.09.17 18:24,45.15,55.02,1
2023.09.17 18:25,52.28,61.71,1
2023.09.17 18:26,57.55,66.82,1
2023.09.17 18:27,55.92,65.5,1
2023.09.17 18:28,46.4,55.48,1
2023.09.17 18:29,55.59,65.13,1
2023.09.17 18:30,45.46,54.53,1
2023.09.17 18:31,54.52,63.79,1
2023.09.17 18:32,45.51,54.87,1
2023.09.17 18:33,52.29,61.36,1
2023.09.17 18:34,55.49,65.46,1
2023.09.17 18:35,54.16,63.25,1
2023.09.17 18:36,57.95,67.01,1
2023.09.17 18:37,54.16,63.42,1
2023.09.17 18:38,46.58,55.73,1
2023.09.17 18:39,55.55,64.76,1
2023.09.17 18:40,52.93,62.75,1
2023.09.17 18:41,58.82,68.72,1
2023.09.17 18:42,56.15,66.07,1
2023.09.17 18:43,57.37,67.07,1
2023.09.17 18:44,57.39,67.12,1
2023.09.17 18:45,45.96,55.02,1
2023.09.17 18:46,55.77,64.92,1
2023.09.17 18:47,45.74,55.17,1
2023.09.17 18:48,58.98,68.25,1
2023.09.17 18:49,47.7,56.92,1
2023.09.17 18:50,55.17,64.87,1
2023.09.17 18:51,53.8,63.49,1
2023.09.17 18:52,52.69,61.71,1
2023.09.17 18:53,46.24,55.25,1
2023.09.17 18:54,50.99,60.07,1
2023.09.17 18:55,46.53,56.48,1
2023.09.17 18:56,54.37,64.07,1
2023.09.17 18:57,55.41,64.43,1
2023.09.17 18:58,50.64,60.59,1
2023.09.17 18:59,49.26,58.39,1
2023.09.17 19:00,79.98,99.71,1
2023.09.17 19:01,75.36,88.6,1
2023.09.17 19:02,40.2,50.28,1
2023.09.17 19:03,77.2,91.12,1
2023.09.17 19:04,69.21,79.8,1
2023.09.17 19:05,53.76,71.27,1
2023.09.17 19:06,49.76,65.42,1
2023.09.17 19:07,50.54,64.23,1
2023.09.17 19:08,44.68,56.61,1
2023.09.17 19:09,77.17,96.63,1
2023.09.17 19:10,69.54,87.21,1
2023.09.17 19:11,44.87,57.33,1
2023.09.17 19:12,67.74,80.98,1
2023.09.17 19:13,80.25,98.49,1
2023.09.17 19:14,73.6,85.13,1
2023.09.17 19:15,77.18,89.3,1
2023.09.17 19:16,70.9,87.93,1
2023.09.17 19:17,54.94,74.91,1
2023.09.17 19:18,51.18,63.66,1
2023.09.17 19:19,74.81,86.01,1
2023.09.17 19:20,53.84,66.01,1
2023.09.17 19:21,73.87,85.57,1
2023.09.17 19:22,46.92,58.74,1
2023.09.17 19:23,64.27,78.27,1
2023.09.17 19:24,70.29,86.42,1
2023.09.17 19:25,78.16,94.84,1
2023.09.17 19:26,40.71,56.75,1
2023.09.17 19:27,73.04,88.73,1
2023.09.17 19:28,60.88,80.72,1
2023.09.17 19:29,49.79,65.28,1
2023.09.17 19:30,42.71,56.65,1
2023.09.17 19:31,55.39,74.17,1
2023.09.17 19:32,48.31,59.76,1
2023.09.17 19:33,75.15,85.2,1
2023.09.17 19:34,70.39,89.7,1
2023.09.17 19:35,74.39,93.72,1
2023.09.17 19:36,52.18,69.99,1
2023.09.17 19:37,42.61,62.26,1
2023.09.17 19:38,45.94,64.99,1
2023.09.17 19:39,83.59,97.04,1
2023.09.17 19:40,82.44,97.45,1
2023.09.17 19:41,78.27,89.42,1
2023.09.17 19:42,68.24,87.66,1
2023.09.17 19:43,58.09,75.32,1
2023.09.17 19:44,41.33,52.94,1
2023.09.17 19:45,45.05,62.74,1
2023.09.17 19:46,40.12,55.59,1
2023.09.17 19:47,65.89,81.82,1
2023.09.17 19:48,50.21,61.17,1
2023.09.17 19:49,41.87,54.63,1
2023.09.17 19:50,72.82,83.79,1
2023.09.17 19:51,61.82,72.17,1
2023.09.17 19:52,63.66,75.16,1
2023.09.17 19:53,70.69,89.81,1
2023.09.17 19:54,40.72,59.97,1
2023.09.17 19:55,52.4,63.68,1
2023.09.17 19:56,74.72,90.81,1
2023.09.17 19:57,65.39,79.95,1
2023.09.17 19:58,45.86,62.95,1
2023.09.17 19:59,76.46,91.5,1
2023.09.17 20:00,66.29,80.63,1
2023.09.17 20:01,48.09,66.67,1
2023.09.17 20:02,52.74,69.74,1
2023.09.17 20:03,42.37,58.18,1
2023.09.17 20:04,44.87,59.02,1
2023.09.17 20:05,54.13,71.59,1
2023.09.17 20:06,70.42,85.72,1
2023.09.17 20:07,59.18,72.1,1
2023.09.17 20:08,54.31,65.59,1
2023.09.17 20:09,63.86,80.41,1
2023.09.17 20:10,65.05,81.01,1
2023.09.17 20:11,64.97,78.87,1
2023.09.17 20:12,78.1,96.42,1
2023.09.17 20:13,55.18,67.25,1
2023.09.17 20:14,57.07,70.07,1
2023.09.17 20:15,42.36,58.45,1
2023.09.17 20:16,65.56,82.13,1
2023.09.17 20:17,77.11,93.85,1
2023.09.17 20:18,59,75.2,1
2023.09.17 20:19,51.9,64.83,1
2023.09.17 20:20,57.84,75.33,1
2023.09.17 20:21,76.1,92.22,1
2023.09.17 20:22,60.47,78.25,1
2023.09.17 20:23,45.72,58.43,1
2023.09.17 20:24,41.54,53.77,1
2023.09.17 20:25,72.86,87.88,1
2023.09.17 20:26,53.72,63.91,1
2023.09.17 20:27,64.74,75.5,1
2023.09.17 20:28,68.49,79.19,1
2023.09.17 20:29,83.69,99.84,1
2023.09.17 20:30,59.06,76.38,1
2023.09.17 20:31,84.36,102.28,1
2023.09.17 20:32,66.91,80.71,1
2023.09.17 20:33,46.87,61.85,1
2023.09.17 20:34,75.7,90.16,1
2023.09.17 20:35,44.27,55.58,1
2023.09.17 20:36,40.11,55.39,1
2023.09.17 20:37,70.45,88.69,1
2023.09.17 20:38,75.15,89.34,1
2023.09.17 20:39,70.02,85.18,1
2023.09.17 20:40,55.16,67.11,1
2023.09.17 20:41,69.42,84.45,1
2023.09.17 20:42,75.05,93.66,1
2023.09.17 20:43,49.31,62.14,1
2023.09.17 20:44,65.58,78.97,1
2023.09.17 20:45,76.29,89.07,1
2023.09.17 20:46,73.01,83.23,1
2023.09.17 20:47,78.18,90.91,1
2023.09.17 20:48,72.77,87.98,1
2023.09.17 20:49,45.45,57.66,1
2023.09.17 20:50,81.05,97.53,1
2023.09.17 20:51,62.68,76.8,1
2023.09.17 20:52,62.59,74.56,1
2023.09.17 20:53,52.82,71.27,1
2023.09.17 20:54,62.48,78.21,1
2023.09.17 20:55,58.47,69.29,1
2023.09.17 20:56,64.65,83.18,1
2023.09.17 20:57,48.7,66.21,1
2023.09.17 20:58,79.46,93.92,1
2023.09.17 20:59,61.67,75.21,1
2023.09.17 21:00,62.96,74.25,1
2023.09.17 21:01,42.86,53.08,1
2023.09.17 21:02,70.54,88.91,1
2023.09.17 21:03,45.8,59.68,1
2023.09.17 21:04,83.06,95.97,1
2023.09.17 21:05,82.21,100.05,1
2023.09.17 21:06,83.96,96.25,1
2023.09.17 21:07,60.57,76.47,1
2023.09.17 21:08,71.85,88.79,1
2023.09.17 21:09,67.64,84.12,1
2023.09.17 21:10,48.38,65.13,1
2023.09.17 21:11,84.94,98.14,1
2023.09.17 21:12,52.68,63.7,1
2023.09.17 21:13,52.82,72.37,1
2023.09.17 21:14,64.47,75.22,1
2023.09.17 21:15,57.74,69.97,1
2023.09.17 21:16,59.38,69.56,1
2023.09.17 21:17,59.14,69.43,1
2023.09.17 21:18,51.46,65.26,1
2023.09.17 21:19,70.72,85.79,1
2023.09.17 21:20,84.37,98.04,1
2023.09.17 21:21,72.01,90.66,1
2023.09.17 21:22,69.59,81.43,1
2023.09.17 21:23,44.76,62.06,1
2023.09.17 21:24,62.02,73.99,1
2023.09.17 21:25,40.15,59.83,1
2023.09.17 21:26,40.05,54.9,1
2023.09.17 21:27,66.71,85.78,1
2023.09.17 21:28,54.88,67.33,1
2023.09.17 21:29,70.74,83.25,1
2023.09.17 21:30,70.85,86.92,1
2023.09.17 21:31,55.1,65.21,1
2023.09.17 21:32,56.41,71.69,1
2023.09.17 21:33,79.44,91.57,1
2023.09.17 21:34,42.77,58.16,1
2023.09.17 21:35,44.56,56.41,1
2023.09.17 21:36,50.37,63.49,1
2023.09.17 21:37,55.68,73.89,1
2023.09.17 21:38,46.18,58.15,1
2023.09.17 21:39,49.84,62.03,1
2023.09.17 21:40,78.03,89.05,1
2023.09.17 21:41,44.7,62.73,1
2023.09.17 21:42,75.59,89.21,1
2023.09.17 21:43,56.7,67.96,1
2023.09.17 21:44,75.86,91.09,1
2023.09.17 21:45,84.36,96.95,1
2023.09.17 21:46,55.06,67.97,1
2023.09.17 21:47,68,86.69,1
2023.09.17 21:48,67.22,79.6,1
2023.09.17 21:49,75.54,93.95,1
2023.09.17 21:50,63.87,76.58,1
2023.09.17 21:51,54.87,70.58,1
2023.09.17 21:52,43.43,55.93,1
2023.09.17 21:53,71.76,90.48,1
2023.09.17 21:54,58.05,74.07,1
2023.09.17 21:55,78.8,96.25,1
2023.09.17 21:56,50.08,62.69,1
2023.09.17 21:57,44.29,55.9,1
2023.09.17 21:58,59.84,77.58,1
2023.09.17 21:59,51.88,65.91,1
2023.09.17 22:00,61.46,80.71,1
2023.09.17 22:01,80.85,94.93,1
2023.09.17 22:02,42.9,61.35,1
2023.09.17 22:03,53.63,64.37,1
2023.09.17 22:04,46.69,58.12,1
2023.09.17 22:05,51.84,66.01,1
2023.09.17 22:06,58.08,70.56,1
2023.09.17 22:07,64.22,74.82,1
2023.09.17 22:08,57.52,75.41,1
2023.09.17 22:09,84.47,99.87,1
2023.09.17 22:10,74.98,90.78,1
2023.09.17 22:11,54.9,69.98,1
2023.09.17 22:12,44.3,58.98,1
2023.09.17 22:13,46.32,57.02,1
2023.09.17 22:14,61.52,72.23,1
2023.09.17 22:15,82.96,93.83,1
2023.09.17 22:16,62.34,74.55,1
2023.09.17 22:17,76.27,91.17,1
2023.09.17 22:18,69.46,87.26,1
2023.09.17 22:19,49.61,63.3,1
2023.09.17 22:20,57.72,70.4,1
2023.09.17 22:21,71.78,89.79,1
2023.09.17 22:22,60.38,77.85,1
2023.09.17 22:23,50.47,62.59,1
2023.09.17 22:24,52.38,64.29,1
2023.09.17 22:25,57.92,71.33,1
2023.09.17 22:26,72.69,88.87,1
2023.09.17 22:27,54.81,71.78,1
2023.09.17 22:28,74.76,86.66,1
2023.09.17 22:29,44.68,62.87,1
2023.09.17 22:30,81.61,96.52,1
2023.09.17 22:31,45.38,60.17,1
2023.09.17 22:32,48.64,61.38,1
2023.09.17 22:33,60.41,75.18,1
2023.09.17 22:34,40.3,60.15,1
2023.09.17 22:35,52.74,68.42,1
2023.09.17 22:36,43.85,59.07,1
2023.09.17 22:37,70.49,86.38,1
2023.09.17 22:38,61.37,79.28,1
2023.09.17 22:39,68.4,87.34,1
2023.09.17 22:40,43.88,61.88,1
2023.09.17 22:41,41.6,58.79,1
2023.09.17 22:42,79.65,91.8,1
2023.09.17 22:43,57.97,70.04,1
2023.09.17 22:44,61.67,77.24,1
2023.09.17 22:45,62.99,77.64,1
2023.09.17 22:46,57.91,72.32,1
2023.09.17 22:47,81.43,92.64,1
2023.09.17 22:48,51.12,66.87,1
2023.09.17 22:49,42.88,58.73,1
2023.09.17 22:50,53.85,69.38,1
2023.09.17 22:51,44.04,57.91,1
2023.09.17 22:52,63.05,81.19,1
2023.09.17 22:53,83.73,101.09,1
2023.09.17 22:54,62.53,77.98,1
2023.09.17 22:55,52.46,69.47,1
2023.09.17 22:56,70.68,87.79,1
2023.09.17 22:57,42.08,54.48,1
2023.09.17 22:58,55.17,73.46,1
2023.09.17 22:59,67.25,83.32,1
2023.09.17 23:00,70.8,86.76,1
2023.09.17 23:01,74.17,89.99,1
2023.09.17 23:02,60.95,70.96,1
2023.09.17 23:03,73.76,86.98,1
2023.09.17 23:04,43.33,53.86,1
2023.09.17 23:05,65.47,81.32,1
2023.09.17 23:06,60.11,78.73,1
2023.09.17 23:07,69.94,85.48,1
2023.09.17 23:08,82.84,96.93,1
2023.09.17 23:09,83.02,97.38,1
2023.09.17 23:10,52.72,72.22,1
2023.09.17 23:11,80.89,96.94,1
2023.09.17 23:12,82.12,99.08,1
2023.09.17 23:13,41.02,51.26,1
2023.09.17 23:14,48.7,59.57,1
2023.09.17 23:15,60.82,74.43,1
2023.09.17 23:16,69.23,86.39,1
2023.09.17 23:17,66.2,78.84,1
2023.09.17 23:18,51.08,68.07,1
2023.09.17 23:19,50.01,69.45,1
2023.09.17 23:20,60.21,71.33,1
2023.09.17 23:21,45.75,59.46,1
2023.09.17 23:22,70.58,89.6,1
2023.09.17 23:23,64.86,76.25,1
2023.09.17 23:24,56.58,72.02,1
2023.09.17 23:25,47.05,59.51,1
2023.09.17 23:26,40.88,57.09,1
2023.09.17 23:27,66,84.65,1
2023.09.17 23:28,62.4,76.09,1
2023.09.17 23:29,69.36,83.75,1
2023.09.17 23:30,55.32,67.7,1
2023.09.17 23:31,45.26,58.25,1
2023.09.17 23:32,52.28,66.71,1
2023.09.17 23:33,74.16,87.89,1
2023.09.17 23:34,51.86,67.08,1
2023.09.17 23:35,58.82,73.15,1
2023.09.17 23:36,57.78,77.17,1
2023.09.17 23:37,81.9,99.6,1
2023.09.17 23:38,64.42,82.96,1
2023.09.17 23:39,44.91,56.5,1
2023.09.17 23:40,56.11,68.94,1
2023.09.17 23:41,44.37,58.95,1
2023.09.17 23:42,55.07,74.93,1
2023.09.17 23:43,40.77,52.61,1
2023.09.17 23:44,75.92,92.12,1
2023.09.17 23:45,67.81,78.17,1
2023.09.17 23:46,62.62,81.16,1
2023.09.17 23:47,74.95,88.32,1
2023.09.17 23:48,46.73,60.8,1
2023.09.17 23:49,43.53,53.95,1
2023.09.17 23:50,64.64,76.51,1
2023.09.17 23:51,56.96,67.97,1
2023.09.17 23:52,54.25,64.66,1
2023.09.17 23:53,48.85,64.87,1
2023.09.17 23:54,40.88,60.11,1
2023.09.17 23:55,42.9,57.11,1
2023.09.17 23:56,55.53,71.81,1
2023.09.17 23:57,57.29,74.61,1
2023.09.17 23:58,62.66,79.44,1
2023.09.17 23:59,51.65,62.8,1
