time,load_1,load_2,load_3,load_4,load_5,load_6,load_7,load_8,load_9,load_10,load_11
2012/1/1 0:00,2698,2698,2698,2698,2698,2698,2698,2698,2698,2698,2698
2012/1/1 1:00,2558,2558,2558,2558,2558,2558,2558,2558,2558,2558,2558
2012/1/1 2:00,2444,2444,2444,2444,2444,2444,2444,2444,2444,2444,2444
2012/1/1 3:00,2402,2402,2402,2402,2402,2402,2402,2402,2402,2402,2402
2012/1/1 4:00,2403,2403,2403,2403,2403,2403,2403,2403,2403,2403,2403
2012/1/1 5:00,2453,2453,2453,2453,2453,2453,2453,2453,2453,2453,2453
2012/1/1 6:00,2560,2560,2560,2560,2560,2560,2560,2560,2560,2560,2560
2012/1/1 7:00,2719,2719,2719,2719,2719,2719,2719,2719,2719,2719,2719
2012/1/1 8:00,2916,2916,2916,2916,2916,2916,2916,2916,2916,2916,2916
2012/1/1 9:00,3105,3105,3105,3105,3105,3105,3105,3105,3105,3105,3105
2012/1/1 10:00,3174,3174,3174,3174,3174,3174,3174,3174,3174,3174,3174
2012/1/1 11:00,3180,3180,3180,3180,3180,3180,3180,3180,3180,3180,3180
2012/1/1 12:00,3184,3184,3184,3184,3184,3184,3184,3184,3184,3184,3184
2012/1/1 13:00,3147,3147,3147,3147,3147,3147,3147,3147,3147,3147,3147
2012/1/1 14:00,3122,3122,3122,3122,3122,3122,3122,3122,3122,3122,3122
2012/1/1 15:00,3137,3137,3137,3137,3137,3137,3137,3137,3137,3137,3137
2012/1/1 16:00,3486,3486,3486,3486,3486,3486,3486,3486,3486,3486,3486
2012/1/1 17:00,3717,3717,3717,3717,3717,3717,3717,3717,3717,3717,3717
2012/1/1 18:00,3659,3659,3659,3659,3659,3659,3659,3659,3659,3659,3659
2012/1/1 19:00,3513,3513,3513,3513,3513,3513,3513,3513,3513,3513,3513
2012/1/1 20:00,3344,3344,3344,3344,3344,3344,3344,3344,3344,3344,3344
2012/1/1 21:00,3129,3129,3129,3129,3129,3129,3129,3129,3129,3129,3129
2012/1/1 22:00,2873,2873,2873,2873,2873,2873,2873,2873,2873,2873,2873
2012/1/1 23:00,2639,2639,2639,2639,2639,2639,2639,2639,2639,2639,2639
2012/1/2 0:00,2458,2458,2458,2458,2458,2458,2458,2458,2458,2458,2458
2012/1/2 1:00,2354,2354,2354,2354,2354,2354,2354,2354,2354,2354,2354
2012/1/2 2:00,2294,2294,2294,2294,2294,2294,2294,2294,2294,2294,2294
2012/1/2 3:00,2288,2288,2288,2288,2288,2288,2288,2288,2288,2288,2288
2012/1/2 4:00,2353,2353,2353,2353,2353,2353,2353,2353,2353,2353,2353
2012/1/2 5:00,2503,2503,2503,2503,2503,2503,2503,2503,2503,2503,2503
2012/1/2 6:00,2737,2737,2737,2737,2737,2737,2737,2737,2737,2737,2737
2012/1/2 7:00,2960,2960,2960,2960,2960,2960,2960,2960,2960,2960,2960
2012/1/2 8:00,3185,3185,3185,3185,3185,3185,3185,3185,3185,3185,3185
2012/1/2 9:00,3390,3390,3390,3390,3390,3390,3390,3390,3390,3390,3390
2012/1/2 10:00,3510,3510,3510,3510,3510,3510,3510,3510,3510,3510,3510
2012/1/2 11:00,3549,3549,3549,3549,3549,3549,3549,3549,3549,3549,3549
2012/1/2 12:00,3517,3517,3517,3517,3517,3517,3517,3517,3517,3517,3517
2012/1/2 13:00,3469,3469,3469,3469,3469,3469,3469,3469,3469,3469,3469
2012/1/2 14:00,3449,3449,3449,3449,3449,3449,3449,3449,3449,3449,3449
2012/1/2 15:00,3504,3504,3504,3504,3504,3504,3504,3504,3504,3504,3504
2012/1/2 16:00,3843,3843,3843,3843,3843,3843,3843,3843,3843,3843,3843
2012/1/2 17:00,4125,4125,4125,4125,4125,4125,4125,4125,4125,4125,4125
2012/1/2 18:00,4064,4064,4064,4064,4064,4064,4064,4064,4064,4064,4064
2012/1/2 19:00,3919,3919,3919,3919,3919,3919,3919,3919,3919,3919,3919
2012/1/2 20:00,3747,3747,3747,3747,3747,3747,3747,3747,3747,3747,3747
2012/1/2 21:00,3484,3484,3484,3484,3484,3484,3484,3484,3484,3484,3484
2012/1/2 22:00,3190,3190,3190,3190,3190,3190,3190,3190,3190,3190,3190
2012/1/2 23:00,2949,2949,2949,2949,2949,2949,2949,2949,2949,2949,2949
2012/1/3 0:00,2780,2780,2780,2780,2780,2780,2780,2780,2780,2780,2780
2012/1/3 1:00,2699,2699,2699,2699,2699,2699,2699,2699,2699,2699,2699
2012/1/3 2:00,2663,2663,2663,2663,2663,2663,2663,2663,2663,2663,2663
2012/1/3 3:00,2683,2683,2683,2683,2683,2683,2683,2683,2683,2683,2683
2012/1/3 4:00,2799,2799,2799,2799,2799,2799,2799,2799,2799,2799,2799
2012/1/3 5:00,3083,3083,3083,3083,3083,3083,3083,3083,3083,3083,3083
2012/1/3 6:00,3593,3593,3593,3593,3593,3593,3593,3593,3593,3593,3593
2012/1/3 7:00,3845,3845,3845,3845,3845,3845,3845,3845,3845,3845,3845
2012/1/3 8:00,3865,3865,3865,3865,3865,3865,3865,3865,3865,3865,3865
2012/1/3 9:00,3906,3906,3906,3906,3906,3906,3906,3906,3906,3906,3906
2012/1/3 10:00,3935,3935,3935,3935,3935,3935,3935,3935,3935,3935,3935
2012/1/3 11:00,3924,3924,3924,3924,3924,3924,3924,3924,3924,3924,3924
2012/1/3 12:00,3897,3897,3897,3897,3897,3897,3897,3897,3897,3897,3897
2012/1/3 13:00,3877,3877,3877,3877,3877,3877,3877,3877,3877,3877,3877
2012/1/3 14:00,3854,3854,3854,3854,3854,3854,3854,3854,3854,3854,3854
2012/1/3 15:00,3904,3904,3904,3904,3904,3904,3904,3904,3904,3904,3904
2012/1/3 16:00,4200,4200,4200,4200,4200,4200,4200,4200,4200,4200,4200
2012/1/3 17:00,4482,4482,4482,4482,4482,4482,4482,4482,4482,4482,4482
2012/1/3 18:00,4460,4460,4460,4460,4460,4460,4460,4460,4460,4460,4460
2012/1/3 19:00,4353,4353,4353,4353,4353,4353,4353,4353,4353,4353,4353
2012/1/3 20:00,4198,4198,4198,4198,4198,4198,4198,4198,4198,4198,4198
2012/1/3 21:00,3935,3935,3935,3935,3935,3935,3935,3935,3935,3935,3935
2012/1/3 22:00,3605,3605,3605,3605,3605,3605,3605,3605,3605,3605,3605
2012/1/3 23:00,3347,3347,3347,3347,3347,3347,3347,3347,3347,3347,3347
2012/1/4 0:00,3184,3184,3184,3184,3184,3184,3184,3184,3184,3184,3184
2012/1/4 1:00,3104,3104,3104,3104,3104,3104,3104,3104,3104,3104,3104
2012/1/4 2:00,3065,3065,3065,3065,3065,3065,3065,3065,3065,3065,3065
2012/1/4 3:00,3077,3077,3077,3077,3077,3077,3077,3077,3077,3077,3077
2012/1/4 4:00,3162,3162,3162,3162,3162,3162,3162,3162,3162,3162,3162
2012/1/4 5:00,3444,3444,3444,3444,3444,3444,3444,3444,3444,3444,3444
2012/1/4 6:00,3943,3943,3943,3943,3943,3943,3943,3943,3943,3943,3943
2012/1/4 7:00,4152,4152,4152,4152,4152,4152,4152,4152,4152,4152,4152
2012/1/4 8:00,4134,4134,4134,4134,4134,4134,4134,4134,4134,4134,4134
2012/1/4 9:00,4124,4124,4124,4124,4124,4124,4124,4124,4124,4124,4124
2012/1/4 10:00,4123,4123,4123,4123,4123,4123,4123,4123,4123,4123,4123
2012/1/4 11:00,4113,4113,4113,4113,4113,4113,4113,4113,4113,4113,4113
2012/1/4 12:00,4071,4071,4071,4071,4071,4071,4071,4071,4071,4071,4071
2012/1/4 13:00,4050,4050,4050,4050,4050,4050,4050,4050,4050,4050,4050
2012/1/4 14:00,4032,4032,4032,4032,4032,4032,4032,4032,4032,4032,4032
2012/1/4 15:00,4048,4048,4048,4048,4048,4048,4048,4048,4048,4048,4048
2012/1/4 16:00,4312,4312,4312,4312,4312,4312,4312,4312,4312,4312,4312
2012/1/4 17:00,4507,4507,4507,4507,4507,4507,4507,4507,4507,4507,4507
2012/1/4 18:00,4460,4460,4460,4460,4460,4460,4460,4460,4460,4460,4460
2012/1/4 19:00,4331,4331,4331,4331,4331,4331,4331,4331,4331,4331,4331
2012/1/4 20:00,4147,4147,4147,4147,4147,4147,4147,4147,4147,4147,4147
2012/1/4 21:00,3860,3860,3860,3860,3860,3860,3860,3860,3860,3860,3860
2012/1/4 22:00,3515,3515,3515,3515,3515,3515,3515,3515,3515,3515,3515
2012/1/4 23:00,3210,3210,3210,3210,3210,3210,3210,3210,3210,3210,3210
2012/1/5 0:00,3014,3014,3014,3014,3014,3014,3014,3014,3014,3014,3014
2012/1/5 1:00,2921,2921,2921,2921,2921,2921,2921,2921,2921,2921,2921
2012/1/5 2:00,2874,2874,2874,2874,2874,2874,2874,2874,2874,2874,2874
2012/1/5 3:00,2876,2876,2876,2876,2876,2876,2876,2876,2876,2876,2876
2012/1/5 4:00,2962,2962,2962,2962,2962,2962,2962,2962,2962,2962,2962
2012/1/5 5:00,3239,3239,3239,3239,3239,3239,3239,3239,3239,3239,3239
2012/1/5 6:00,3719,3719,3719,3719,3719,3719,3719,3719,3719,3719,3719
2012/1/5 7:00,3940,3940,3940,3940,3940,3940,3940,3940,3940,3940,3940
2012/1/5 8:00,3933,3933,3933,3933,3933,3933,3933,3933,3933,3933,3933
2012/1/5 9:00,3948,3948,3948,3948,3948,3948,3948,3948,3948,3948,3948
2012/1/5 10:00,3945,3945,3945,3945,3945,3945,3945,3945,3945,3945,3945
2012/1/5 11:00,3933,3933,3933,3933,3933,3933,3933,3933,3933,3933,3933
2012/1/5 12:00,3894,3894,3894,3894,3894,3894,3894,3894,3894,3894,3894
2012/1/5 13:00,3873,3873,3873,3873,3873,3873,3873,3873,3873,3873,3873
2012/1/5 14:00,3838,3838,3838,3838,3838,3838,3838,3838,3838,3838,3838
2012/1/5 15:00,3855,3855,3855,3855,3855,3855,3855,3855,3855,3855,3855
2012/1/5 16:00,4112,4112,4112,4112,4112,4112,4112,4112,4112,4112,4112
2012/1/5 17:00,4326,4326,4326,4326,4326,4326,4326,4326,4326,4326,4326
2012/1/5 18:00,4317,4317,4317,4317,4317,4317,4317,4317,4317,4317,4317
2012/1/5 19:00,4213,4213,4213,4213,4213,4213,4213,4213,4213,4213,4213
2012/1/5 20:00,4031,4031,4031,4031,4031,4031,4031,4031,4031,4031,4031
2012/1/5 21:00,3749,3749,3749,3749,3749,3749,3749,3749,3749,3749,3749
2012/1/5 22:00,3417,3417,3417,3417,3417,3417,3417,3417,3417,3417,3417
2012/1/5 23:00,3167,3167,3167,3167,3167,3167,3167,3167,3167,3167,3167
2012/1/6 0:00,2992,2992,2992,2992,2992,2992,2992,2992,2992,2992,2992
2012/1/6 1:00,2916,2916,2916,2916,2916,2916,2916,2916,2916,2916,2916
2012/1/6 2:00,2873,2873,2873,2873,2873,2873,2873,2873,2873,2873,2873
2012/1/6 3:00,2861,2861,2861,2861,2861,2861,2861,2861,2861,2861,2861
2012/1/6 4:00,2935,2935,2935,2935,2935,2935,2935,2935,2935,2935,2935
2012/1/6 5:00,3201,3201,3201,3201,3201,3201,3201,3201,3201,3201,3201
2012/1/6 6:00,3643,3643,3643,3643,3643,3643,3643,3643,3643,3643,3643
2012/1/6 7:00,3887,3887,3887,3887,3887,3887,3887,3887,3887,3887,3887
2012/1/6 8:00,3907,3907,3907,3907,3907,3907,3907,3907,3907,3907,3907
2012/1/6 9:00,3929,3929,3929,3929,3929,3929,3929,3929,3929,3929,3929
2012/1/6 10:00,3942,3942,3942,3942,3942,3942,3942,3942,3942,3942,3942
2012/1/6 11:00,3902,3902,3902,3902,3902,3902,3902,3902,3902,3902,3902
2012/1/6 12:00,3840,3840,3840,3840,3840,3840,3840,3840,3840,3840,3840
2012/1/6 13:00,3782,3782,3782,3782,3782,3782,3782,3782,3782,3782,3782
2012/1/6 14:00,3722,3722,3722,3722,3722,3722,3722,3722,3722,3722,3722
2012/1/6 15:00,3751,3751,3751,3751,3751,3751,3751,3751,3751,3751,3751
2012/1/6 16:00,3955,3955,3955,3955,3955,3955,3955,3955,3955,3955,3955
2012/1/6 17:00,4109,4109,4109,4109,4109,4109,4109,4109,4109,4109,4109
2012/1/6 18:00,4032,4032,4032,4032,4032,4032,4032,4032,4032,4032,4032
2012/1/6 19:00,3926,3926,3926,3926,3926,3926,3926,3926,3926,3926,3926
2012/1/6 20:00,3740,3740,3740,3740,3740,3740,3740,3740,3740,3740,3740
2012/1/6 21:00,3521,3521,3521,3521,3521,3521,3521,3521,3521,3521,3521
2012/1/6 22:00,3244,3244,3244,3244,3244,3244,3244,3244,3244,3244,3244
2012/1/6 23:00,2981,2981,2981,2981,2981,2981,2981,2981,2981,2981,2981
2012/1/7 0:00,2790,2790,2790,2790,2790,2790,2790,2790,2790,2790,2790
2012/1/7 1:00,2685,2685,2685,2685,2685,2685,2685,2685,2685,2685,2685
2012/1/7 2:00,2624,2624,2624,2624,2624,2624,2624,2624,2624,2624,2624
2012/1/7 3:00,2604,2604,2604,2604,2604,2604,2604,2604,2604,2604,2604
2012/1/7 4:00,2633,2633,2633,2633,2633,2633,2633,2633,2633,2633,2633
2012/1/7 5:00,2724,2724,2724,2724,2724,2724,2724,2724,2724,2724,2724
2012/1/7 6:00,2914,2914,2914,2914,2914,2914,2914,2914,2914,2914,2914
2012/1/7 7:00,3128,3128,3128,3128,3128,3128,3128,3128,3128,3128,3128
2012/1/7 8:00,3329,3329,3329,3329,3329,3329,3329,3329,3329,3329,3329
2012/1/7 9:00,3466,3466,3466,3466,3466,3466,3466,3466,3466,3466,3466
2012/1/7 10:00,3505,3505,3505,3505,3505,3505,3505,3505,3505,3505,3505
2012/1/7 11:00,3473,3473,3473,3473,3473,3473,3473,3473,3473,3473,3473
2012/1/7 12:00,3411,3411,3411,3411,3411,3411,3411,3411,3411,3411,3411
2012/1/7 13:00,3359,3359,3359,3359,3359,3359,3359,3359,3359,3359,3359
2012/1/7 14:00,3344,3344,3344,3344,3344,3344,3344,3344,3344,3344,3344
2012/1/7 15:00,3394,3394,3394,3394,3394,3394,3394,3394,3394,3394,3394
2012/1/7 16:00,3630,3630,3630,3630,3630,3630,3630,3630,3630,3630,3630
2012/1/7 17:00,3817,3817,3817,3817,3817,3817,3817,3817,3817,3817,3817
2012/1/7 18:00,3746,3746,3746,3746,3746,3746,3746,3746,3746,3746,3746
2012/1/7 19:00,3609,3609,3609,3609,3609,3609,3609,3609,3609,3609,3609
2012/1/7 20:00,3487,3487,3487,3487,3487,3487,3487,3487,3487,3487,3487
2012/1/7 21:00,3285,3285,3285,3285,3285,3285,3285,3285,3285,3285,3285
2012/1/7 22:00,3062,3062,3062,3062,3062,3062,3062,3062,3062,3062,3062
2012/1/7 23:00,2850,2850,2850,2850,2850,2850,2850,2850,2850,2850,2850
2012/1/8 0:00,2654,2654,2654,2654,2654,2654,2654,2654,2654,2654,2654
2012/1/8 1:00,2567,2567,2567,2567,2567,2567,2567,2567,2567,2567,2567
2012/1/8 2:00,2504,2504,2504,2504,2504,2504,2504,2504,2504,2504,2504
2012/1/8 3:00,2506,2506,2506,2506,2506,2506,2506,2506,2506,2506,2506
2012/1/8 4:00,2535,2535,2535,2535,2535,2535,2535,2535,2535,2535,2535
2012/1/8 5:00,2612,2612,2612,2612,2612,2612,2612,2612,2612,2612,2612
2012/1/8 6:00,2771,2771,2771,2771,2771,2771,2771,2771,2771,2771,2771
2012/1/8 7:00,2976,2976,2976,2976,2976,2976,2976,2976,2976,2976,2976
2012/1/8 8:00,3215,3215,3215,3215,3215,3215,3215,3215,3215,3215,3215
2012/1/8 9:00,3363,3363,3363,3363,3363,3363,3363,3363,3363,3363,3363
2012/1/8 10:00,3463,3463,3463,3463,3463,3463,3463,3463,3463,3463,3463
2012/1/8 11:00,3496,3496,3496,3496,3496,3496,3496,3496,3496,3496,3496
2012/1/8 12:00,3507,3507,3507,3507,3507,3507,3507,3507,3507,3507,3507
2012/1/8 13:00,3481,3481,3481,3481,3481,3481,3481,3481,3481,3481,3481
2012/1/8 14:00,3476,3476,3476,3476,3476,3476,3476,3476,3476,3476,3476
2012/1/8 15:00,3523,3523,3523,3523,3523,3523,3523,3523,3523,3523,3523
2012/1/8 16:00,3823,3823,3823,3823,3823,3823,3823,3823,3823,3823,3823
2012/1/8 17:00,4070,4070,4070,4070,4070,4070,4070,4070,4070,4070,4070
2012/1/8 18:00,4024,4024,4024,4024,4024,4024,4024,4024,4024,4024,4024
2012/1/8 19:00,3887,3887,3887,3887,3887,3887,3887,3887,3887,3887,3887
2012/1/8 20:00,3711,3711,3711,3711,3711,3711,3711,3711,3711,3711,3711
2012/1/8 21:00,3465,3465,3465,3465,3465,3465,3465,3465,3465,3465,3465
2012/1/8 22:00,3183,3183,3183,3183,3183,3183,3183,3183,3183,3183,3183
2012/1/8 23:00,2955,2955,2955,2955,2955,2955,2955,2955,2955,2955,2955
2012/1/9 0:00,2820,2820,2820,2820,2820,2820,2820,2820,2820,2820,2820
2012/1/9 1:00,2759,2759,2759,2759,2759,2759,2759,2759,2759,2759,2759
2012/1/9 2:00,2739,2739,2739,2739,2739,2739,2739,2739,2739,2739,2739
2012/1/9 3:00,2740,2740,2740,2740,2740,2740,2740,2740,2740,2740,2740
2012/1/9 4:00,2851,2851,2851,2851,2851,2851,2851,2851,2851,2851,2851
2012/1/9 5:00,3142,3142,3142,3142,3142,3142,3142,3142,3142,3142,3142
2012/1/9 6:00,3643,3643,3643,3643,3643,3643,3643,3643,3643,3643,3643
2012/1/9 7:00,3896,3896,3896,3896,3896,3896,3896,3896,3896,3896,3896
2012/1/9 8:00,3900,3900,3900,3900,3900,3900,3900,3900,3900,3900,3900
2012/1/9 9:00,3910,3910,3910,3910,3910,3910,3910,3910,3910,3910,3910
2012/1/9 10:00,3921,3921,3921,3921,3921,3921,3921,3921,3921,3921,3921
2012/1/9 11:00,3888,3888,3888,3888,3888,3888,3888,3888,3888,3888,3888
2012/1/9 12:00,3826,3826,3826,3826,3826,3826,3826,3826,3826,3826,3826
2012/1/9 13:00,3782,3782,3782,3782,3782,3782,3782,3782,3782,3782,3782
2012/1/9 14:00,3721,3721,3721,3721,3721,3721,3721,3721,3721,3721,3721
2012/1/9 15:00,3721,3721,3721,3721,3721,3721,3721,3721,3721,3721,3721
2012/1/9 16:00,3987,3987,3987,3987,3987,3987,3987,3987,3987,3987,3987
2012/1/9 17:00,4270,4270,4270,4270,4270,4270,4270,4270,4270,4270,4270
2012/1/9 18:00,4244,4244,4244,4244,4244,4244,4244,4244,4244,4244,4244
2012/1/9 19:00,4112,4112,4112,4112,4112,4112,4112,4112,4112,4112,4112
2012/1/9 20:00,3925,3925,3925,3925,3925,3925,3925,3925,3925,3925,3925
2012/1/9 21:00,3635,3635,3635,3635,3635,3635,3635,3635,3635,3635,3635
2012/1/9 22:00,3317,3317,3317,3317,3317,3317,3317,3317,3317,3317,3317
2012/1/9 23:00,3069,3069,3069,3069,3069,3069,3069,3069,3069,3069,3069
2012/1/10 0:00,2908,2908,2908,2908,2908,2908,2908,2908,2908,2908,2908
2012/1/10 1:00,2836,2836,2836,2836,2836,2836,2836,2836,2836,2836,2836
2012/1/10 2:00,2788,2788,2788,2788,2788,2788,2788,2788,2788,2788,2788
2012/1/10 3:00,2788,2788,2788,2788,2788,2788,2788,2788,2788,2788,2788
2012/1/10 4:00,2860,2860,2860,2860,2860,2860,2860,2860,2860,2860,2860
2012/1/10 5:00,3113,3113,3113,3113,3113,3113,3113,3113,3113,3113,3113
2012/1/10 6:00,3589,3589,3589,3589,3589,3589,3589,3589,3589,3589,3589
2012/1/10 7:00,3813,3813,3813,3813,3813,3813,3813,3813,3813,3813,3813
2012/1/10 8:00,3822,3822,3822,3822,3822,3822,3822,3822,3822,3822,3822
2012/1/10 9:00,3849,3849,3849,3849,3849,3849,3849,3849,3849,3849,3849
2012/1/10 10:00,3869,3869,3869,3869,3869,3869,3869,3869,3869,3869,3869
2012/1/10 11:00,3844,3844,3844,3844,3844,3844,3844,3844,3844,3844,3844
2012/1/10 12:00,3781,3781,3781,3781,3781,3781,3781,3781,3781,3781,3781
2012/1/10 13:00,3747,3747,3747,3747,3747,3747,3747,3747,3747,3747,3747
2012/1/10 14:00,3686,3686,3686,3686,3686,3686,3686,3686,3686,3686,3686
2012/1/10 15:00,3689,3689,3689,3689,3689,3689,3689,3689,3689,3689,3689
2012/1/10 16:00,3956,3956,3956,3956,3956,3956,3956,3956,3956,3956,3956
2012/1/10 17:00,4182,4182,4182,4182,4182,4182,4182,4182,4182,4182,4182
2012/1/10 18:00,4159,4159,4159,4159,4159,4159,4159,4159,4159,4159,4159
2012/1/10 19:00,4061,4061,4061,4061,4061,4061,4061,4061,4061,4061,4061
2012/1/10 20:00,3890,3890,3890,3890,3890,3890,3890,3890,3890,3890,3890
2012/1/10 21:00,3612,3612,3612,3612,3612,3612,3612,3612,3612,3612,3612
2012/1/10 22:00,3286,3286,3286,3286,3286,3286,3286,3286,3286,3286,3286
2012/1/10 23:00,3030,3030,3030,3030,3030,3030,3030,3030,3030,3030,3030
2012/1/11 0:00,2872,2872,2872,2872,2872,2872,2872,2872,2872,2872,2872
2012/1/11 1:00,2796,2796,2796,2796,2796,2796,2796,2796,2796,2796,2796
2012/1/11 2:00,2766,2766,2766,2766,2766,2766,2766,2766,2766,2766,2766
2012/1/11 3:00,2784,2784,2784,2784,2784,2784,2784,2784,2784,2784,2784
2012/1/11 4:00,2887,2887,2887,2887,2887,2887,2887,2887,2887,2887,2887
2012/1/11 5:00,3185,3185,3185,3185,3185,3185,3185,3185,3185,3185,3185
2012/1/11 6:00,3661,3661,3661,3661,3661,3661,3661,3661,3661,3661,3661
2012/1/11 7:00,3875,3875,3875,3875,3875,3875,3875,3875,3875,3875,3875
2012/1/11 8:00,3861,3861,3861,3861,3861,3861,3861,3861,3861,3861,3861
2012/1/11 9:00,3833,3833,3833,3833,3833,3833,3833,3833,3833,3833,3833
2012/1/11 10:00,3822,3822,3822,3822,3822,3822,3822,3822,3822,3822,3822
2012/1/11 11:00,3794,3794,3794,3794,3794,3794,3794,3794,3794,3794,3794
2012/1/11 12:00,3734,3734,3734,3734,3734,3734,3734,3734,3734,3734,3734
2012/1/11 13:00,3720,3720,3720,3720,3720,3720,3720,3720,3720,3720,3720
2012/1/11 14:00,3693,3693,3693,3693,3693,3693,3693,3693,3693,3693,3693
2012/1/11 15:00,3721,3721,3721,3721,3721,3721,3721,3721,3721,3721,3721
2012/1/11 16:00,3977,3977,3977,3977,3977,3977,3977,3977,3977,3977,3977
2012/1/11 17:00,4186,4186,4186,4186,4186,4186,4186,4186,4186,4186,4186
2012/1/11 18:00,4152,4152,4152,4152,4152,4152,4152,4152,4152,4152,4152
2012/1/11 19:00,4043,4043,4043,4043,4043,4043,4043,4043,4043,4043,4043
2012/1/11 20:00,3873,3873,3873,3873,3873,3873,3873,3873,3873,3873,3873
2012/1/11 21:00,3572,3572,3572,3572,3572,3572,3572,3572,3572,3572,3572
2012/1/11 22:00,3237,3237,3237,3237,3237,3237,3237,3237,3237,3237,3237
2012/1/11 23:00,2977,2977,2977,2977,2977,2977,2977,2977,2977,2977,2977
2012/1/12 0:00,2812,2812,2812,2812,2812,2812,2812,2812,2812,2812,2812
2012/1/12 1:00,2709,2709,2709,2709,2709,2709,2709,2709,2709,2709,2709
2012/1/12 2:00,2667,2667,2667,2667,2667,2667,2667,2667,2667,2667,2667
2012/1/12 3:00,2668,2668,2668,2668,2668,2668,2668,2668,2668,2668,2668
2012/1/12 4:00,2748,2748,2748,2748,2748,2748,2748,2748,2748,2748,2748
2012/1/12 5:00,3009,3009,3009,3009,3009,3009,3009,3009,3009,3009,3009
2012/1/12 6:00,3403,3403,3403,3403,3403,3403,3403,3403,3403,3403,3403
2012/1/12 7:00,3675,3675,3675,3675,3675,3675,3675,3675,3675,3675,3675
2012/1/12 8:00,3769,3769,3769,3769,3769,3769,3769,3769,3769,3769,3769
2012/1/12 9:00,3844,3844,3844,3844,3844,3844,3844,3844,3844,3844,3844
2012/1/12 10:00,3928,3928,3928,3928,3928,3928,3928,3928,3928,3928,3928
2012/1/12 11:00,3977,3977,3977,3977,3977,3977,3977,3977,3977,3977,3977
2012/1/12 12:00,3956,3956,3956,3956,3956,3956,3956,3956,3956,3956,3956
2012/1/12 13:00,3928,3928,3928,3928,3928,3928,3928,3928,3928,3928,3928
2012/1/12 14:00,3875,3875,3875,3875,3875,3875,3875,3875,3875,3875,3875
2012/1/12 15:00,3834,3834,3834,3834,3834,3834,3834,3834,3834,3834,3834
2012/1/12 16:00,4020,4020,4020,4020,4020,4020,4020,4020,4020,4020,4020
2012/1/12 17:00,4251,4251,4251,4251,4251,4251,4251,4251,4251,4251,4251
2012/1/12 18:00,4207,4207,4207,4207,4207,4207,4207,4207,4207,4207,4207
2012/1/12 19:00,4057,4057,4057,4057,4057,4057,4057,4057,4057,4057,4057
2012/1/12 20:00,3844,3844,3844,3844,3844,3844,3844,3844,3844,3844,3844
2012/1/12 21:00,3527,3527,3527,3527,3527,3527,3527,3527,3527,3527,3527
2012/1/12 22:00,3192,3192,3192,3192,3192,3192,3192,3192,3192,3192,3192
2012/1/12 23:00,2924,2924,2924,2924,2924,2924,2924,2924,2924,2924,2924
2012/1/13 0:00,2747,2747,2747,2747,2747,2747,2747,2747,2747,2747,2747
2012/1/13 1:00,2665,2665,2665,2665,2665,2665,2665,2665,2665,2665,2665
2012/1/13 2:00,2629,2629,2629,2629,2629,2629,2629,2629,2629,2629,2629
2012/1/13 3:00,2633,2633,2633,2633,2633,2633,2633,2633,2633,2633,2633
2012/1/13 4:00,2715,2715,2715,2715,2715,2715,2715,2715,2715,2715,2715
2012/1/13 5:00,2971,2971,2971,2971,2971,2971,2971,2971,2971,2971,2971
2012/1/13 6:00,3418,3418,3418,3418,3418,3418,3418,3418,3418,3418,3418
2012/1/13 7:00,3681,3681,3681,3681,3681,3681,3681,3681,3681,3681,3681
2012/1/13 8:00,3768,3768,3768,3768,3768,3768,3768,3768,3768,3768,3768
2012/1/13 9:00,3818,3818,3818,3818,3818,3818,3818,3818,3818,3818,3818
2012/1/13 10:00,3856,3856,3856,3856,3856,3856,3856,3856,3856,3856,3856
2012/1/13 11:00,3850,3850,3850,3850,3850,3850,3850,3850,3850,3850,3850
2012/1/13 12:00,3809,3809,3809,3809,3809,3809,3809,3809,3809,3809,3809
2012/1/13 13:00,3764,3764,3764,3764,3764,3764,3764,3764,3764,3764,3764
2012/1/13 14:00,3680,3680,3680,3680,3680,3680,3680,3680,3680,3680,3680
2012/1/13 15:00,3656,3656,3656,3656,3656,3656,3656,3656,3656,3656,3656
2012/1/13 16:00,3858,3858,3858,3858,3858,3858,3858,3858,3858,3858,3858
2012/1/13 17:00,4091,4091,4091,4091,4091,4091,4091,4091,4091,4091,4091
2012/1/13 18:00,4052,4052,4052,4052,4052,4052,4052,4052,4052,4052,4052
2012/1/13 19:00,3951,3951,3951,3951,3951,3951,3951,3951,3951,3951,3951
2012/1/13 20:00,3822,3822,3822,3822,3822,3822,3822,3822,3822,3822,3822
2012/1/13 21:00,3610,3610,3610,3610,3610,3610,3610,3610,3610,3610,3610
2012/1/13 22:00,3355,3355,3355,3355,3355,3355,3355,3355,3355,3355,3355
2012/1/13 23:00,3104,3104,3104,3104,3104,3104,3104,3104,3104,3104,3104
2012/1/14 0:00,2909,2909,2909,2909,2909,2909,2909,2909,2909,2909,2909
2012/1/14 1:00,2805,2805,2805,2805,2805,2805,2805,2805,2805,2805,2805
2012/1/14 2:00,2751,2751,2751,2751,2751,2751,2751,2751,2751,2751,2751
2012/1/14 3:00,2744,2744,2744,2744,2744,2744,2744,2744,2744,2744,2744
2012/1/14 4:00,2784,2784,2784,2784,2784,2784,2784,2784,2784,2784,2784
2012/1/14 5:00,2894,2894,2894,2894,2894,2894,2894,2894,2894,2894,2894
2012/1/14 6:00,3096,3096,3096,3096,3096,3096,3096,3096,3096,3096,3096
2012/1/14 7:00,3344,3344,3344,3344,3344,3344,3344,3344,3344,3344,3344
2012/1/14 8:00,3573,3573,3573,3573,3573,3573,3573,3573,3573,3573,3573
2012/1/14 9:00,3751,3751,3751,3751,3751,3751,3751,3751,3751,3751,3751
2012/1/14 10:00,3815,3815,3815,3815,3815,3815,3815,3815,3815,3815,3815
2012/1/14 11:00,3798,3798,3798,3798,3798,3798,3798,3798,3798,3798,3798
2012/1/14 12:00,3737,3737,3737,3737,3737,3737,3737,3737,3737,3737,3737
2012/1/14 13:00,3677,3677,3677,3677,3677,3677,3677,3677,3677,3677,3677
2012/1/14 14:00,3666,3666,3666,3666,3666,3666,3666,3666,3666,3666,3666
2012/1/14 15:00,3694,3694,3694,3694,3694,3694,3694,3694,3694,3694,3694
2012/1/14 16:00,3963,3963,3963,3963,3963,3963,3963,3963,3963,3963,3963
2012/1/14 17:00,4248,4248,4248,4248,4248,4248,4248,4248,4248,4248,4248
2012/1/14 18:00,4210,4210,4210,4210,4210,4210,4210,4210,4210,4210,4210
2012/1/14 19:00,4119,4119,4119,4119,4119,4119,4119,4119,4119,4119,4119
2012/1/14 20:00,3972,3972,3972,3972,3972,3972,3972,3972,3972,3972,3972
2012/1/14 21:00,3795,3795,3795,3795,3795,3795,3795,3795,3795,3795,3795
2012/1/14 22:00,3594,3594,3594,3594,3594,3594,3594,3594,3594,3594,3594
2012/1/14 23:00,3361,3361,3361,3361,3361,3361,3361,3361,3361,3361,3361
2012/1/15 0:00,3153,3153,3153,3153,3153,3153,3153,3153,3153,3153,3153
2012/1/15 1:00,3051,3051,3051,3051,3051,3051,3051,3051,3051,3051,3051
2012/1/15 2:00,3012,3012,3012,3012,3012,3012,3012,3012,3012,3012,3012
2012/1/15 3:00,3012,3012,3012,3012,3012,3012,3012,3012,3012,3012,3012
2012/1/15 4:00,3046,3046,3046,3046,3046,3046,3046,3046,3046,3046,3046
2012/1/15 5:00,3128,3128,3128,3128,3128,3128,3128,3128,3128,3128,3128
2012/1/15 6:00,3271,3271,3271,3271,3271,3271,3271,3271,3271,3271,3271
2012/1/15 7:00,3476,3476,3476,3476,3476,3476,3476,3476,3476,3476,3476
2012/1/15 8:00,3725,3725,3725,3725,3725,3725,3725,3725,3725,3725,3725
2012/1/15 9:00,3874,3874,3874,3874,3874,3874,3874,3874,3874,3874,3874
2012/1/15 10:00,3954,3954,3954,3954,3954,3954,3954,3954,3954,3954,3954
2012/1/15 11:00,3945,3945,3945,3945,3945,3945,3945,3945,3945,3945,3945
2012/1/15 12:00,3924,3924,3924,3924,3924,3924,3924,3924,3924,3924,3924
2012/1/15 13:00,3863,3863,3863,3863,3863,3863,3863,3863,3863,3863,3863
2012/1/15 14:00,3845,3845,3845,3845,3845,3845,3845,3845,3845,3845,3845
2012/1/15 15:00,3871,3871,3871,3871,3871,3871,3871,3871,3871,3871,3871
2012/1/15 16:00,4160,4160,4160,4160,4160,4160,4160,4160,4160,4160,4160
2012/1/15 17:00,4441,4441,4441,4441,4441,4441,4441,4441,4441,4441,4441
2012/1/15 18:00,4405,4405,4405,4405,4405,4405,4405,4405,4405,4405,4405
2012/1/15 19:00,4253,4253,4253,4253,4253,4253,4253,4253,4253,4253,4253
2012/1/15 20:00,4113,4113,4113,4113,4113,4113,4113,4113,4113,4113,4113
2012/1/15 21:00,3853,3853,3853,3853,3853,3853,3853,3853,3853,3853,3853
2012/1/15 22:00,3579,3579,3579,3579,3579,3579,3579,3579,3579,3579,3579
2012/1/15 23:00,3365,3365,3365,3365,3365,3365,3365,3365,3365,3365,3365
2012/1/16 0:00,3220,3220,3220,3220,3220,3220,3220,3220,3220,3220,3220
2012/1/16 1:00,3138,3138,3138,3138,3138,3138,3138,3138,3138,3138,3138
2012/1/16 2:00,3114,3114,3114,3114,3114,3114,3114,3114,3114,3114,3114
2012/1/16 3:00,3124,3124,3124,3124,3124,3124,3124,3124,3124,3124,3124
2012/1/16 4:00,3209,3209,3209,3209,3209,3209,3209,3209,3209,3209,3209
2012/1/16 5:00,3414,3414,3414,3414,3414,3414,3414,3414,3414,3414,3414
2012/1/16 6:00,3759,3759,3759,3759,3759,3759,3759,3759,3759,3759,3759
2012/1/16 7:00,4001,4001,4001,4001,4001,4001,4001,4001,4001,4001,4001
2012/1/16 8:00,4147,4147,4147,4147,4147,4147,4147,4147,4147,4147,4147
2012/1/16 9:00,4215,4215,4215,4215,4215,4215,4215,4215,4215,4215,4215
2012/1/16 10:00,4242,4242,4242,4242,4242,4242,4242,4242,4242,4242,4242
2012/1/16 11:00,4187,4187,4187,4187,4187,4187,4187,4187,4187,4187,4187
2012/1/16 12:00,4083,4083,4083,4083,4083,4083,4083,4083,4083,4083,4083
2012/1/16 13:00,4028,4028,4028,4028,4028,4028,4028,4028,4028,4028,4028
2012/1/16 14:00,3972,3972,3972,3972,3972,3972,3972,3972,3972,3972,3972
2012/1/16 15:00,3961,3961,3961,3961,3961,3961,3961,3961,3961,3961,3961
2012/1/16 16:00,4193,4193,4193,4193,4193,4193,4193,4193,4193,4193,4193
2012/1/16 17:00,4433,4433,4433,4433,4433,4433,4433,4433,4433,4433,4433
2012/1/16 18:00,4370,4370,4370,4370,4370,4370,4370,4370,4370,4370,4370
2012/1/16 19:00,4230,4230,4230,4230,4230,4230,4230,4230,4230,4230,4230
2012/1/16 20:00,4018,4018,4018,4018,4018,4018,4018,4018,4018,4018,4018
2012/1/16 21:00,3707,3707,3707,3707,3707,3707,3707,3707,3707,3707,3707
2012/1/16 22:00,3372,3372,3372,3372,3372,3372,3372,3372,3372,3372,3372
2012/1/16 23:00,3091,3091,3091,3091,3091,3091,3091,3091,3091,3091,3091
2012/1/17 0:00,2915,2915,2915,2915,2915,2915,2915,2915,2915,2915,2915
2012/1/17 1:00,2799,2799,2799,2799,2799,2799,2799,2799,2799,2799,2799
2012/1/17 2:00,2757,2757,2757,2757,2757,2757,2757,2757,2757,2757,2757
2012/1/17 3:00,2753,2753,2753,2753,2753,2753,2753,2753,2753,2753,2753
2012/1/17 4:00,2839,2839,2839,2839,2839,2839,2839,2839,2839,2839,2839
2012/1/17 5:00,3121,3121,3121,3121,3121,3121,3121,3121,3121,3121,3121
2012/1/17 6:00,3574,3574,3574,3574,3574,3574,3574,3574,3574,3574,3574
2012/1/17 7:00,3775,3775,3775,3775,3775,3775,3775,3775,3775,3775,3775
2012/1/17 8:00,3783,3783,3783,3783,3783,3783,3783,3783,3783,3783,3783
2012/1/17 9:00,3770,3770,3770,3770,3770,3770,3770,3770,3770,3770,3770
2012/1/17 10:00,3761,3761,3761,3761,3761,3761,3761,3761,3761,3761,3761
2012/1/17 11:00,3758,3758,3758,3758,3758,3758,3758,3758,3758,3758,3758
2012/1/17 12:00,3722,3722,3722,3722,3722,3722,3722,3722,3722,3722,3722
2012/1/17 13:00,3704,3704,3704,3704,3704,3704,3704,3704,3704,3704,3704
2012/1/17 14:00,3687,3687,3687,3687,3687,3687,3687,3687,3687,3687,3687
2012/1/17 15:00,3728,3728,3728,3728,3728,3728,3728,3728,3728,3728,3728
2012/1/17 16:00,3967,3967,3967,3967,3967,3967,3967,3967,3967,3967,3967
2012/1/17 17:00,4153,4153,4153,4153,4153,4153,4153,4153,4153,4153,4153
2012/1/17 18:00,4103,4103,4103,4103,4103,4103,4103,4103,4103,4103,4103
2012/1/17 19:00,3974,3974,3974,3974,3974,3974,3974,3974,3974,3974,3974
2012/1/17 20:00,3752,3752,3752,3752,3752,3752,3752,3752,3752,3752,3752
2012/1/17 21:00,3454,3454,3454,3454,3454,3454,3454,3454,3454,3454,3454
2012/1/17 22:00,3114,3114,3114,3114,3114,3114,3114,3114,3114,3114,3114
2012/1/17 23:00,2836,2836,2836,2836,2836,2836,2836,2836,2836,2836,2836
2012/1/18 0:00,2670,2670,2670,2670,2670,2670,2670,2670,2670,2670,2670
2012/1/18 1:00,2581,2581,2581,2581,2581,2581,2581,2581,2581,2581,2581
2012/1/18 2:00,2541,2541,2541,2541,2541,2541,2541,2541,2541,2541,2541
2012/1/18 3:00,2542,2542,2542,2542,2542,2542,2542,2542,2542,2542,2542
2012/1/18 4:00,2653,2653,2653,2653,2653,2653,2653,2653,2653,2653,2653
2012/1/18 5:00,2932,2932,2932,2932,2932,2932,2932,2932,2932,2932,2932
2012/1/18 6:00,3415,3415,3415,3415,3415,3415,3415,3415,3415,3415,3415
2012/1/18 7:00,3634,3634,3634,3634,3634,3634,3634,3634,3634,3634,3634
2012/1/18 8:00,3654,3654,3654,3654,3654,3654,3654,3654,3654,3654,3654
2012/1/18 9:00,3680,3680,3680,3680,3680,3680,3680,3680,3680,3680,3680
2012/1/18 10:00,3709,3709,3709,3709,3709,3709,3709,3709,3709,3709,3709
2012/1/18 11:00,3714,3714,3714,3714,3714,3714,3714,3714,3714,3714,3714
2012/1/18 12:00,3692,3692,3692,3692,3692,3692,3692,3692,3692,3692,3692
2012/1/18 13:00,3691,3691,3691,3691,3691,3691,3691,3691,3691,3691,3691
2012/1/18 14:00,3682,3682,3682,3682,3682,3682,3682,3682,3682,3682,3682
2012/1/18 15:00,3712,3712,3712,3712,3712,3712,3712,3712,3712,3712,3712
2012/1/18 16:00,3981,3981,3981,3981,3981,3981,3981,3981,3981,3981,3981
2012/1/18 17:00,4332,4332,4332,4332,4332,4332,4332,4332,4332,4332,4332
2012/1/18 18:00,4356,4356,4356,4356,4356,4356,4356,4356,4356,4356,4356
2012/1/18 19:00,4276,4276,4276,4276,4276,4276,4276,4276,4276,4276,4276
2012/1/18 20:00,4080,4080,4080,4080,4080,4080,4080,4080,4080,4080,4080
2012/1/18 21:00,3826,3826,3826,3826,3826,3826,3826,3826,3826,3826,3826
2012/1/18 22:00,3547,3547,3547,3547,3547,3547,3547,3547,3547,3547,3547
2012/1/18 23:00,3292,3292,3292,3292,3292,3292,3292,3292,3292,3292,3292
2012/1/19 0:00,3144,3144,3144,3144,3144,3144,3144,3144,3144,3144,3144
2012/1/19 1:00,3058,3058,3058,3058,3058,3058,3058,3058,3058,3058,3058
2012/1/19 2:00,3023,3023,3023,3023,3023,3023,3023,3023,3023,3023,3023
2012/1/19 3:00,3032,3032,3032,3032,3032,3032,3032,3032,3032,3032,3032
2012/1/19 4:00,3141,3141,3141,3141,3141,3141,3141,3141,3141,3141,3141
2012/1/19 5:00,3429,3429,3429,3429,3429,3429,3429,3429,3429,3429,3429
2012/1/19 6:00,3942,3942,3942,3942,3942,3942,3942,3942,3942,3942,3942
2012/1/19 7:00,4138,4138,4138,4138,4138,4138,4138,4138,4138,4138,4138
2012/1/19 8:00,4107,4107,4107,4107,4107,4107,4107,4107,4107,4107,4107
2012/1/19 9:00,4100,4100,4100,4100,4100,4100,4100,4100,4100,4100,4100
2012/1/19 10:00,4072,4072,4072,4072,4072,4072,4072,4072,4072,4072,4072
2012/1/19 11:00,4016,4016,4016,4016,4016,4016,4016,4016,4016,4016,4016
2012/1/19 12:00,3937,3937,3937,3937,3937,3937,3937,3937,3937,3937,3937
2012/1/19 13:00,3883,3883,3883,3883,3883,3883,3883,3883,3883,3883,3883
2012/1/19 14:00,3823,3823,3823,3823,3823,3823,3823,3823,3823,3823,3823
2012/1/19 15:00,3857,3857,3857,3857,3857,3857,3857,3857,3857,3857,3857
2012/1/19 16:00,4089,4089,4089,4089,4089,4089,4089,4089,4089,4089,4089
2012/1/19 17:00,4367,4367,4367,4367,4367,4367,4367,4367,4367,4367,4367
2012/1/19 18:00,4327,4327,4327,4327,4327,4327,4327,4327,4327,4327,4327
2012/1/19 19:00,4244,4244,4244,4244,4244,4244,4244,4244,4244,4244,4244
2012/1/19 20:00,4046,4046,4046,4046,4046,4046,4046,4046,4046,4046,4046
2012/1/19 21:00,3769,3769,3769,3769,3769,3769,3769,3769,3769,3769,3769
2012/1/19 22:00,3459,3459,3459,3459,3459,3459,3459,3459,3459,3459,3459
2012/1/19 23:00,3187,3187,3187,3187,3187,3187,3187,3187,3187,3187,3187
2012/1/20 0:00,3005,3005,3005,3005,3005,3005,3005,3005,3005,3005,3005
2012/1/20 1:00,2895,2895,2895,2895,2895,2895,2895,2895,2895,2895,2895
2012/1/20 2:00,2848,2848,2848,2848,2848,2848,2848,2848,2848,2848,2848
2012/1/20 3:00,2853,2853,2853,2853,2853,2853,2853,2853,2853,2853,2853
2012/1/20 4:00,2954,2954,2954,2954,2954,2954,2954,2954,2954,2954,2954
2012/1/20 5:00,3214,3214,3214,3214,3214,3214,3214,3214,3214,3214,3214
2012/1/20 6:00,3684,3684,3684,3684,3684,3684,3684,3684,3684,3684,3684
2012/1/20 7:00,3894,3894,3894,3894,3894,3894,3894,3894,3894,3894,3894
2012/1/20 8:00,3913,3913,3913,3913,3913,3913,3913,3913,3913,3913,3913
2012/1/20 9:00,3923,3923,3923,3923,3923,3923,3923,3923,3923,3923,3923
2012/1/20 10:00,3925,3925,3925,3925,3925,3925,3925,3925,3925,3925,3925
2012/1/20 11:00,3901,3901,3901,3901,3901,3901,3901,3901,3901,3901,3901
2012/1/20 12:00,3856,3856,3856,3856,3856,3856,3856,3856,3856,3856,3856
2012/1/20 13:00,3826,3826,3826,3826,3826,3826,3826,3826,3826,3826,3826
2012/1/20 14:00,3778,3778,3778,3778,3778,3778,3778,3778,3778,3778,3778
2012/1/20 15:00,3778,3778,3778,3778,3778,3778,3778,3778,3778,3778,3778
2012/1/20 16:00,3940,3940,3940,3940,3940,3940,3940,3940,3940,3940,3940
2012/1/20 17:00,4220,4220,4220,4220,4220,4220,4220,4220,4220,4220,4220
2012/1/20 18:00,4198,4198,4198,4198,4198,4198,4198,4198,4198,4198,4198
2012/1/20 19:00,4092,4092,4092,4092,4092,4092,4092,4092,4092,4092,4092
2012/1/20 20:00,3942,3942,3942,3942,3942,3942,3942,3942,3942,3942,3942
2012/1/20 21:00,3758,3758,3758,3758,3758,3758,3758,3758,3758,3758,3758
2012/1/20 22:00,3492,3492,3492,3492,3492,3492,3492,3492,3492,3492,3492
2012/1/20 23:00,3240,3240,3240,3240,3240,3240,3240,3240,3240,3240,3240
2012/1/21 0:00,3075,3075,3075,3075,3075,3075,3075,3075,3075,3075,3075
2012/1/21 1:00,2977,2977,2977,2977,2977,2977,2977,2977,2977,2977,2977
2012/1/21 2:00,2915,2915,2915,2915,2915,2915,2915,2915,2915,2915,2915
2012/1/21 3:00,2877,2877,2877,2877,2877,2877,2877,2877,2877,2877,2877
2012/1/21 4:00,2914,2914,2914,2914,2914,2914,2914,2914,2914,2914,2914
2012/1/21 5:00,3009,3009,3009,3009,3009,3009,3009,3009,3009,3009,3009
2012/1/21 6:00,3224,3224,3224,3224,3224,3224,3224,3224,3224,3224,3224
2012/1/21 7:00,3460,3460,3460,3460,3460,3460,3460,3460,3460,3460,3460
2012/1/21 8:00,3702,3702,3702,3702,3702,3702,3702,3702,3702,3702,3702
2012/1/21 9:00,3895,3895,3895,3895,3895,3895,3895,3895,3895,3895,3895
2012/1/21 10:00,3975,3975,3975,3975,3975,3975,3975,3975,3975,3975,3975
2012/1/21 11:00,3972,3972,3972,3972,3972,3972,3972,3972,3972,3972,3972
2012/1/21 12:00,3933,3933,3933,3933,3933,3933,3933,3933,3933,3933,3933
2012/1/21 13:00,3868,3868,3868,3868,3868,3868,3868,3868,3868,3868,3868
2012/1/21 14:00,3816,3816,3816,3816,3816,3816,3816,3816,3816,3816,3816
2012/1/21 15:00,3804,3804,3804,3804,3804,3804,3804,3804,3804,3804,3804
2012/1/21 16:00,3961,3961,3961,3961,3961,3961,3961,3961,3961,3961,3961
2012/1/21 17:00,4185,4185,4185,4185,4185,4185,4185,4185,4185,4185,4185
2012/1/21 18:00,4137,4137,4137,4137,4137,4137,4137,4137,4137,4137,4137
2012/1/21 19:00,4002,4002,4002,4002,4002,4002,4002,4002,4002,4002,4002
2012/1/21 20:00,3871,3871,3871,3871,3871,3871,3871,3871,3871,3871,3871
2012/1/21 21:00,3674,3674,3674,3674,3674,3674,3674,3674,3674,3674,3674
2012/1/21 22:00,3428,3428,3428,3428,3428,3428,3428,3428,3428,3428,3428
2012/1/21 23:00,3195,3195,3195,3195,3195,3195,3195,3195,3195,3195,3195
2012/1/22 0:00,3030,3030,3030,3030,3030,3030,3030,3030,3030,3030,3030
2012/1/22 1:00,2957,2957,2957,2957,2957,2957,2957,2957,2957,2957,2957
2012/1/22 2:00,2933,2933,2933,2933,2933,2933,2933,2933,2933,2933,2933
2012/1/22 3:00,2906,2906,2906,2906,2906,2906,2906,2906,2906,2906,2906
2012/1/22 4:00,2932,2932,2932,2932,2932,2932,2932,2932,2932,2932,2932
2012/1/22 5:00,3021,3021,3021,3021,3021,3021,3021,3021,3021,3021,3021
2012/1/22 6:00,3194,3194,3194,3194,3194,3194,3194,3194,3194,3194,3194
2012/1/22 7:00,3394,3394,3394,3394,3394,3394,3394,3394,3394,3394,3394
2012/1/22 8:00,3628,3628,3628,3628,3628,3628,3628,3628,3628,3628,3628
2012/1/22 9:00,3744,3744,3744,3744,3744,3744,3744,3744,3744,3744,3744
2012/1/22 10:00,3783,3783,3783,3783,3783,3783,3783,3783,3783,3783,3783
2012/1/22 11:00,3737,3737,3737,3737,3737,3737,3737,3737,3737,3737,3737
2012/1/22 12:00,3673,3673,3673,3673,3673,3673,3673,3673,3673,3673,3673
2012/1/22 13:00,3614,3614,3614,3614,3614,3614,3614,3614,3614,3614,3614
2012/1/22 14:00,3600,3600,3600,3600,3600,3600,3600,3600,3600,3600,3600
2012/1/22 15:00,3589,3589,3589,3589,3589,3589,3589,3589,3589,3589,3589
2012/1/22 16:00,3774,3774,3774,3774,3774,3774,3774,3774,3774,3774,3774
2012/1/22 17:00,4022,4022,4022,4022,4022,4022,4022,4022,4022,4022,4022
2012/1/22 18:00,4021,4021,4021,4021,4021,4021,4021,4021,4021,4021,4021
2012/1/22 19:00,3922,3922,3922,3922,3922,3922,3922,3922,3922,3922,3922
2012/1/22 20:00,3752,3752,3752,3752,3752,3752,3752,3752,3752,3752,3752
2012/1/22 21:00,3488,3488,3488,3488,3488,3488,3488,3488,3488,3488,3488
2012/1/22 22:00,3212,3212,3212,3212,3212,3212,3212,3212,3212,3212,3212
2012/1/22 23:00,2971,2971,2971,2971,2971,2971,2971,2971,2971,2971,2971
2012/1/23 0:00,2808,2808,2808,2808,2808,2808,2808,2808,2808,2808,2808
2012/1/23 1:00,2722,2722,2722,2722,2722,2722,2722,2722,2722,2722,2722
2012/1/23 2:00,2684,2684,2684,2684,2684,2684,2684,2684,2684,2684,2684
2012/1/23 3:00,2697,2697,2697,2697,2697,2697,2697,2697,2697,2697,2697
2012/1/23 4:00,2791,2791,2791,2791,2791,2791,2791,2791,2791,2791,2791
2012/1/23 5:00,3069,3069,3069,3069,3069,3069,3069,3069,3069,3069,3069
2012/1/23 6:00,3544,3544,3544,3544,3544,3544,3544,3544,3544,3544,3544
2012/1/23 7:00,3769,3769,3769,3769,3769,3769,3769,3769,3769,3769,3769
2012/1/23 8:00,3813,3813,3813,3813,3813,3813,3813,3813,3813,3813,3813
2012/1/23 9:00,3859,3859,3859,3859,3859,3859,3859,3859,3859,3859,3859
2012/1/23 10:00,3894,3894,3894,3894,3894,3894,3894,3894,3894,3894,3894
2012/1/23 11:00,3899,3899,3899,3899,3899,3899,3899,3899,3899,3899,3899
2012/1/23 12:00,3853,3853,3853,3853,3853,3853,3853,3853,3853,3853,3853
2012/1/23 13:00,3817,3817,3817,3817,3817,3817,3817,3817,3817,3817,3817
2012/1/23 14:00,3764,3764,3764,3764,3764,3764,3764,3764,3764,3764,3764
2012/1/23 15:00,3777,3777,3777,3777,3777,3777,3777,3777,3777,3777,3777
2012/1/23 16:00,3952,3952,3952,3952,3952,3952,3952,3952,3952,3952,3952
2012/1/23 17:00,4172,4172,4172,4172,4172,4172,4172,4172,4172,4172,4172
2012/1/23 18:00,4130,4130,4130,4130,4130,4130,4130,4130,4130,4130,4130
2012/1/23 19:00,3984,3984,3984,3984,3984,3984,3984,3984,3984,3984,3984
2012/1/23 20:00,3764,3764,3764,3764,3764,3764,3764,3764,3764,3764,3764
2012/1/23 21:00,3466,3466,3466,3466,3466,3466,3466,3466,3466,3466,3466
2012/1/23 22:00,3131,3131,3131,3131,3131,3131,3131,3131,3131,3131,3131
2012/1/23 23:00,2862,2862,2862,2862,2862,2862,2862,2862,2862,2862,2862
2012/1/24 0:00,2708,2708,2708,2708,2708,2708,2708,2708,2708,2708,2708
2012/1/24 1:00,2582,2582,2582,2582,2582,2582,2582,2582,2582,2582,2582
2012/1/24 2:00,2534,2534,2534,2534,2534,2534,2534,2534,2534,2534,2534
2012/1/24 3:00,2528,2528,2528,2528,2528,2528,2528,2528,2528,2528,2528
2012/1/24 4:00,2624,2624,2624,2624,2624,2624,2624,2624,2624,2624,2624
2012/1/24 5:00,2889,2889,2889,2889,2889,2889,2889,2889,2889,2889,2889
2012/1/24 6:00,3363,3363,3363,3363,3363,3363,3363,3363,3363,3363,3363
2012/1/24 7:00,3590,3590,3590,3590,3590,3590,3590,3590,3590,3590,3590
2012/1/24 8:00,3608,3608,3608,3608,3608,3608,3608,3608,3608,3608,3608
2012/1/24 9:00,3602,3602,3602,3602,3602,3602,3602,3602,3602,3602,3602
2012/1/24 10:00,3619,3619,3619,3619,3619,3619,3619,3619,3619,3619,3619
2012/1/24 11:00,3610,3610,3610,3610,3610,3610,3610,3610,3610,3610,3610
2012/1/24 12:00,3568,3568,3568,3568,3568,3568,3568,3568,3568,3568,3568
2012/1/24 13:00,3538,3538,3538,3538,3538,3538,3538,3538,3538,3538,3538
2012/1/24 14:00,3505,3505,3505,3505,3505,3505,3505,3505,3505,3505,3505
2012/1/24 15:00,3510,3510,3510,3510,3510,3510,3510,3510,3510,3510,3510
2012/1/24 16:00,3708,3708,3708,3708,3708,3708,3708,3708,3708,3708,3708
2012/1/24 17:00,3984,3984,3984,3984,3984,3984,3984,3984,3984,3984,3984
2012/1/24 18:00,3966,3966,3966,3966,3966,3966,3966,3966,3966,3966,3966
2012/1/24 19:00,3842,3842,3842,3842,3842,3842,3842,3842,3842,3842,3842
2012/1/24 20:00,3666,3666,3666,3666,3666,3666,3666,3666,3666,3666,3666
2012/1/24 21:00,3369,3369,3369,3369,3369,3369,3369,3369,3369,3369,3369
2012/1/24 22:00,3078,3078,3078,3078,3078,3078,3078,3078,3078,3078,3078
2012/1/24 23:00,2813,2813,2813,2813,2813,2813,2813,2813,2813,2813,2813
2012/1/25 0:00,2653,2653,2653,2653,2653,2653,2653,2653,2653,2653,2653
2012/1/25 1:00,2563,2563,2563,2563,2563,2563,2563,2563,2563,2563,2563
2012/1/25 2:00,2521,2521,2521,2521,2521,2521,2521,2521,2521,2521,2521
2012/1/25 3:00,2537,2537,2537,2537,2537,2537,2537,2537,2537,2537,2537
2012/1/25 4:00,2627,2627,2627,2627,2627,2627,2627,2627,2627,2627,2627
2012/1/25 5:00,2917,2917,2917,2917,2917,2917,2917,2917,2917,2917,2917
2012/1/25 6:00,3407,3407,3407,3407,3407,3407,3407,3407,3407,3407,3407
2012/1/25 7:00,3657,3657,3657,3657,3657,3657,3657,3657,3657,3657,3657
2012/1/25 8:00,3655,3655,3655,3655,3655,3655,3655,3655,3655,3655,3655
2012/1/25 9:00,3684,3684,3684,3684,3684,3684,3684,3684,3684,3684,3684
2012/1/25 10:00,3696,3696,3696,3696,3696,3696,3696,3696,3696,3696,3696
2012/1/25 11:00,3698,3698,3698,3698,3698,3698,3698,3698,3698,3698,3698
2012/1/25 12:00,3658,3658,3658,3658,3658,3658,3658,3658,3658,3658,3658
2012/1/25 13:00,3628,3628,3628,3628,3628,3628,3628,3628,3628,3628,3628
2012/1/25 14:00,3574,3574,3574,3574,3574,3574,3574,3574,3574,3574,3574
2012/1/25 15:00,3579,3579,3579,3579,3579,3579,3579,3579,3579,3579,3579
2012/1/25 16:00,3757,3757,3757,3757,3757,3757,3757,3757,3757,3757,3757
2012/1/25 17:00,4098,4098,4098,4098,4098,4098,4098,4098,4098,4098,4098
2012/1/25 18:00,4107,4107,4107,4107,4107,4107,4107,4107,4107,4107,4107
2012/1/25 19:00,4001,4001,4001,4001,4001,4001,4001,4001,4001,4001,4001
2012/1/25 20:00,3824,3824,3824,3824,3824,3824,3824,3824,3824,3824,3824
2012/1/25 21:00,3536,3536,3536,3536,3536,3536,3536,3536,3536,3536,3536
2012/1/25 22:00,3214,3214,3214,3214,3214,3214,3214,3214,3214,3214,3214
2012/1/25 23:00,2952,2952,2952,2952,2952,2952,2952,2952,2952,2952,2952
2012/1/26 0:00,2786,2786,2786,2786,2786,2786,2786,2786,2786,2786,2786
2012/1/26 1:00,2701,2701,2701,2701,2701,2701,2701,2701,2701,2701,2701
2012/1/26 2:00,2669,2669,2669,2669,2669,2669,2669,2669,2669,2669,2669
2012/1/26 3:00,2670,2670,2670,2670,2670,2670,2670,2670,2670,2670,2670
2012/1/26 4:00,2778,2778,2778,2778,2778,2778,2778,2778,2778,2778,2778
2012/1/26 5:00,3050,3050,3050,3050,3050,3050,3050,3050,3050,3050,3050
2012/1/26 6:00,3560,3560,3560,3560,3560,3560,3560,3560,3560,3560,3560
2012/1/26 7:00,3768,3768,3768,3768,3768,3768,3768,3768,3768,3768,3768
2012/1/26 8:00,3736,3736,3736,3736,3736,3736,3736,3736,3736,3736,3736
2012/1/26 9:00,3707,3707,3707,3707,3707,3707,3707,3707,3707,3707,3707
2012/1/26 10:00,3687,3687,3687,3687,3687,3687,3687,3687,3687,3687,3687
2012/1/26 11:00,3629,3629,3629,3629,3629,3629,3629,3629,3629,3629,3629
2012/1/26 12:00,3567,3567,3567,3567,3567,3567,3567,3567,3567,3567,3567
2012/1/26 13:00,3548,3548,3548,3548,3548,3548,3548,3548,3548,3548,3548
2012/1/26 14:00,3524,3524,3524,3524,3524,3524,3524,3524,3524,3524,3524
2012/1/26 15:00,3533,3533,3533,3533,3533,3533,3533,3533,3533,3533,3533
2012/1/26 16:00,3733,3733,3733,3733,3733,3733,3733,3733,3733,3733,3733
2012/1/26 17:00,4031,4031,4031,4031,4031,4031,4031,4031,4031,4031,4031
2012/1/26 18:00,4025,4025,4025,4025,4025,4025,4025,4025,4025,4025,4025
2012/1/26 19:00,3921,3921,3921,3921,3921,3921,3921,3921,3921,3921,3921
2012/1/26 20:00,3750,3750,3750,3750,3750,3750,3750,3750,3750,3750,3750
2012/1/26 21:00,3471,3471,3471,3471,3471,3471,3471,3471,3471,3471,3471
2012/1/26 22:00,3163,3163,3163,3163,3163,3163,3163,3163,3163,3163,3163
2012/1/26 23:00,2899,2899,2899,2899,2899,2899,2899,2899,2899,2899,2899
2012/1/27 0:00,2736,2736,2736,2736,2736,2736,2736,2736,2736,2736,2736
2012/1/27 1:00,2627,2627,2627,2627,2627,2627,2627,2627,2627,2627,2627
2012/1/27 2:00,2597,2597,2597,2597,2597,2597,2597,2597,2597,2597,2597
2012/1/27 3:00,2568,2568,2568,2568,2568,2568,2568,2568,2568,2568,2568
2012/1/27 4:00,2663,2663,2663,2663,2663,2663,2663,2663,2663,2663,2663
2012/1/27 5:00,2919,2919,2919,2919,2919,2919,2919,2919,2919,2919,2919
2012/1/27 6:00,3325,3325,3325,3325,3325,3325,3325,3325,3325,3325,3325
2012/1/27 7:00,3604,3604,3604,3604,3604,3604,3604,3604,3604,3604,3604
2012/1/27 8:00,3708,3708,3708,3708,3708,3708,3708,3708,3708,3708,3708
2012/1/27 9:00,3784,3784,3784,3784,3784,3784,3784,3784,3784,3784,3784
2012/1/27 10:00,3843,3843,3843,3843,3843,3843,3843,3843,3843,3843,3843
2012/1/27 11:00,3856,3856,3856,3856,3856,3856,3856,3856,3856,3856,3856
2012/1/27 12:00,3810,3810,3810,3810,3810,3810,3810,3810,3810,3810,3810
2012/1/27 13:00,3772,3772,3772,3772,3772,3772,3772,3772,3772,3772,3772
2012/1/27 14:00,3703,3703,3703,3703,3703,3703,3703,3703,3703,3703,3703
2012/1/27 15:00,3680,3680,3680,3680,3680,3680,3680,3680,3680,3680,3680
2012/1/27 16:00,3814,3814,3814,3814,3814,3814,3814,3814,3814,3814,3814
2012/1/27 17:00,3983,3983,3983,3983,3983,3983,3983,3983,3983,3983,3983
2012/1/27 18:00,3924,3924,3924,3924,3924,3924,3924,3924,3924,3924,3924
2012/1/27 19:00,3779,3779,3779,3779,3779,3779,3779,3779,3779,3779,3779
2012/1/27 20:00,3599,3599,3599,3599,3599,3599,3599,3599,3599,3599,3599
2012/1/27 21:00,3385,3385,3385,3385,3385,3385,3385,3385,3385,3385,3385
2012/1/27 22:00,3111,3111,3111,3111,3111,3111,3111,3111,3111,3111,3111
2012/1/27 23:00,2864,2864,2864,2864,2864,2864,2864,2864,2864,2864,2864
2012/1/28 0:00,2679,2679,2679,2679,2679,2679,2679,2679,2679,2679,2679
2012/1/28 1:00,2570,2570,2570,2570,2570,2570,2570,2570,2570,2570,2570
2012/1/28 2:00,2512,2512,2512,2512,2512,2512,2512,2512,2512,2512,2512
2012/1/28 3:00,2505,2505,2505,2505,2505,2505,2505,2505,2505,2505,2505
2012/1/28 4:00,2537,2537,2537,2537,2537,2537,2537,2537,2537,2537,2537
2012/1/28 5:00,2657,2657,2657,2657,2657,2657,2657,2657,2657,2657,2657
2012/1/28 6:00,2856,2856,2856,2856,2856,2856,2856,2856,2856,2856,2856
2012/1/28 7:00,3079,3079,3079,3079,3079,3079,3079,3079,3079,3079,3079
2012/1/28 8:00,3292,3292,3292,3292,3292,3292,3292,3292,3292,3292,3292
2012/1/28 9:00,3416,3416,3416,3416,3416,3416,3416,3416,3416,3416,3416
2012/1/28 10:00,3440,3440,3440,3440,3440,3440,3440,3440,3440,3440,3440
2012/1/28 11:00,3408,3408,3408,3408,3408,3408,3408,3408,3408,3408,3408
2012/1/28 12:00,3349,3349,3349,3349,3349,3349,3349,3349,3349,3349,3349
2012/1/28 13:00,3269,3269,3269,3269,3269,3269,3269,3269,3269,3269,3269
2012/1/28 14:00,3216,3216,3216,3216,3216,3216,3216,3216,3216,3216,3216
2012/1/28 15:00,3210,3210,3210,3210,3210,3210,3210,3210,3210,3210,3210
2012/1/28 16:00,3398,3398,3398,3398,3398,3398,3398,3398,3398,3398,3398
2012/1/28 17:00,3726,3726,3726,3726,3726,3726,3726,3726,3726,3726,3726
2012/1/28 18:00,3723,3723,3723,3723,3723,3723,3723,3723,3723,3723,3723
2012/1/28 19:00,3588,3588,3588,3588,3588,3588,3588,3588,3588,3588,3588
2012/1/28 20:00,3447,3447,3447,3447,3447,3447,3447,3447,3447,3447,3447
2012/1/28 21:00,3243,3243,3243,3243,3243,3243,3243,3243,3243,3243,3243
2012/1/28 22:00,3021,3021,3021,3021,3021,3021,3021,3021,3021,3021,3021
2012/1/28 23:00,2787,2787,2787,2787,2787,2787,2787,2787,2787,2787,2787
2012/1/29 0:00,2615,2615,2615,2615,2615,2615,2615,2615,2615,2615,2615
2012/1/29 1:00,2541,2541,2541,2541,2541,2541,2541,2541,2541,2541,2541
2012/1/29 2:00,2502,2502,2502,2502,2502,2502,2502,2502,2502,2502,2502
2012/1/29 3:00,2488,2488,2488,2488,2488,2488,2488,2488,2488,2488,2488
2012/1/29 4:00,2529,2529,2529,2529,2529,2529,2529,2529,2529,2529,2529
2012/1/29 5:00,2610,2610,2610,2610,2610,2610,2610,2610,2610,2610,2610
2012/1/29 6:00,2767,2767,2767,2767,2767,2767,2767,2767,2767,2767,2767
2012/1/29 7:00,2959,2959,2959,2959,2959,2959,2959,2959,2959,2959,2959
2012/1/29 8:00,3209,3209,3209,3209,3209,3209,3209,3209,3209,3209,3209
2012/1/29 9:00,3351,3351,3351,3351,3351,3351,3351,3351,3351,3351,3351
2012/1/29 10:00,3404,3404,3404,3404,3404,3404,3404,3404,3404,3404,3404
2012/1/29 11:00,3419,3419,3419,3419,3419,3419,3419,3419,3419,3419,3419
2012/1/29 12:00,3393,3393,3393,3393,3393,3393,3393,3393,3393,3393,3393
2012/1/29 13:00,3352,3352,3352,3352,3352,3352,3352,3352,3352,3352,3352
2012/1/29 14:00,3303,3303,3303,3303,3303,3303,3303,3303,3303,3303,3303
2012/1/29 15:00,3315,3315,3315,3315,3315,3315,3315,3315,3315,3315,3315
2012/1/29 16:00,3524,3524,3524,3524,3524,3524,3524,3524,3524,3524,3524
2012/1/29 17:00,3898,3898,3898,3898,3898,3898,3898,3898,3898,3898,3898
2012/1/29 18:00,3907,3907,3907,3907,3907,3907,3907,3907,3907,3907,3907
2012/1/29 19:00,3770,3770,3770,3770,3770,3770,3770,3770,3770,3770,3770
2012/1/29 20:00,3587,3587,3587,3587,3587,3587,3587,3587,3587,3587,3587
2012/1/29 21:00,3322,3322,3322,3322,3322,3322,3322,3322,3322,3322,3322
2012/1/29 22:00,3038,3038,3038,3038,3038,3038,3038,3038,3038,3038,3038
2012/1/29 23:00,2822,2822,2822,2822,2822,2822,2822,2822,2822,2822,2822
2012/1/30 0:00,2677,2677,2677,2677,2677,2677,2677,2677,2677,2677,2677
2012/1/30 1:00,2615,2615,2615,2615,2615,2615,2615,2615,2615,2615,2615
2012/1/30 2:00,2602,2602,2602,2602,2602,2602,2602,2602,2602,2602,2602
2012/1/30 3:00,2619,2619,2619,2619,2619,2619,2619,2619,2619,2619,2619
2012/1/30 4:00,2732,2732,2732,2732,2732,2732,2732,2732,2732,2732,2732
2012/1/30 5:00,3000,3000,3000,3000,3000,3000,3000,3000,3000,3000,3000
2012/1/30 6:00,3514,3514,3514,3514,3514,3514,3514,3514,3514,3514,3514
2012/1/30 7:00,3753,3753,3753,3753,3753,3753,3753,3753,3753,3753,3753
2012/1/30 8:00,3773,3773,3773,3773,3773,3773,3773,3773,3773,3773,3773
2012/1/30 9:00,3794,3794,3794,3794,3794,3794,3794,3794,3794,3794,3794
2012/1/30 10:00,3813,3813,3813,3813,3813,3813,3813,3813,3813,3813,3813
2012/1/30 11:00,3781,3781,3781,3781,3781,3781,3781,3781,3781,3781,3781
2012/1/30 12:00,3739,3739,3739,3739,3739,3739,3739,3739,3739,3739,3739
2012/1/30 13:00,3694,3694,3694,3694,3694,3694,3694,3694,3694,3694,3694
2012/1/30 14:00,3645,3645,3645,3645,3645,3645,3645,3645,3645,3645,3645
2012/1/30 15:00,3673,3673,3673,3673,3673,3673,3673,3673,3673,3673,3673
2012/1/30 16:00,3836,3836,3836,3836,3836,3836,3836,3836,3836,3836,3836
2012/1/30 17:00,4177,4177,4177,4177,4177,4177,4177,4177,4177,4177,4177
2012/1/30 18:00,4214,4214,4214,4214,4214,4214,4214,4214,4214,4214,4214
2012/1/30 19:00,4094,4094,4094,4094,4094,4094,4094,4094,4094,4094,4094
2012/1/30 20:00,3914,3914,3914,3914,3914,3914,3914,3914,3914,3914,3914
2012/1/30 21:00,3627,3627,3627,3627,3627,3627,3627,3627,3627,3627,3627
2012/1/30 22:00,3311,3311,3311,3311,3311,3311,3311,3311,3311,3311,3311
2012/1/30 23:00,3046,3046,3046,3046,3046,3046,3046,3046,3046,3046,3046
2012/1/31 0:00,2896,2896,2896,2896,2896,2896,2896,2896,2896,2896,2896
2012/1/31 1:00,2807,2807,2807,2807,2807,2807,2807,2807,2807,2807,2807
2012/1/31 2:00,2758,2758,2758,2758,2758,2758,2758,2758,2758,2758,2758
2012/1/31 3:00,2749,2749,2749,2749,2749,2749,2749,2749,2749,2749,2749
2012/1/31 4:00,2843,2843,2843,2843,2843,2843,2843,2843,2843,2843,2843
2012/1/31 5:00,3110,3110,3110,3110,3110,3110,3110,3110,3110,3110,3110
2012/1/31 6:00,3585,3585,3585,3585,3585,3585,3585,3585,3585,3585,3585
2012/1/31 7:00,3809,3809,3809,3809,3809,3809,3809,3809,3809,3809,3809
2012/1/31 8:00,3824,3824,3824,3824,3824,3824,3824,3824,3824,3824,3824
2012/1/31 9:00,3829,3829,3829,3829,3829,3829,3829,3829,3829,3829,3829
2012/1/31 10:00,3842,3842,3842,3842,3842,3842,3842,3842,3842,3842,3842
2012/1/31 11:00,3831,3831,3831,3831,3831,3831,3831,3831,3831,3831,3831
2012/1/31 12:00,3789,3789,3789,3789,3789,3789,3789,3789,3789,3789,3789
2012/1/31 13:00,3762,3762,3762,3762,3762,3762,3762,3762,3762,3762,3762
2012/1/31 14:00,3696,3696,3696,3696,3696,3696,3696,3696,3696,3696,3696
2012/1/31 15:00,3666,3666,3666,3666,3666,3666,3666,3666,3666,3666,3666
2012/1/31 16:00,3808,3808,3808,3808,3808,3808,3808,3808,3808,3808,3808
2012/1/31 17:00,4098,4098,4098,4098,4098,4098,4098,4098,4098,4098,4098
2012/1/31 18:00,4101,4101,4101,4101,4101,4101,4101,4101,4101,4101,4101
2012/1/31 19:00,3979,3979,3979,3979,3979,3979,3979,3979,3979,3979,3979
2012/1/31 20:00,3773,3773,3773,3773,3773,3773,3773,3773,3773,3773,3773
2012/1/31 21:00,3478,3478,3478,3478,3478,3478,3478,3478,3478,3478,3478
2012/1/31 22:00,3148,3148,3148,3148,3148,3148,3148,3148,3148,3148,3148
2012/1/31 23:00,2888,2888,2888,2888,2888,2888,2888,2888,2888,2888,2888
2012/2/1 0:00,2728,2728,2728,2728,2728,2728,2728,2728,2728,2728,2728
2012/2/1 1:00,2629,2629,2629,2629,2629,2629,2629,2629,2629,2629,2629
2012/2/1 2:00,2589,2589,2589,2589,2589,2589,2589,2589,2589,2589,2589
2012/2/1 3:00,2597,2597,2597,2597,2597,2597,2597,2597,2597,2597,2597
2012/2/1 4:00,2681,2681,2681,2681,2681,2681,2681,2681,2681,2681,2681
2012/2/1 5:00,2966,2966,2966,2966,2966,2966,2966,2966,2966,2966,2966
2012/2/1 6:00,3456,3456,3456,3456,3456,3456,3456,3456,3456,3456,3456
2012/2/1 7:00,3693,3693,3693,3693,3693,3693,3693,3693,3693,3693,3693
2012/2/1 8:00,3690,3690,3690,3690,3690,3690,3690,3690,3690,3690,3690
2012/2/1 9:00,3706,3706,3706,3706,3706,3706,3706,3706,3706,3706,3706
2012/2/1 10:00,3733,3733,3733,3733,3733,3733,3733,3733,3733,3733,3733
2012/2/1 11:00,3738,3738,3738,3738,3738,3738,3738,3738,3738,3738,3738
2012/2/1 12:00,3696,3696,3696,3696,3696,3696,3696,3696,3696,3696,3696
2012/2/1 13:00,3654,3654,3654,3654,3654,3654,3654,3654,3654,3654,3654
2012/2/1 14:00,3586,3586,3586,3586,3586,3586,3586,3586,3586,3586,3586
2012/2/1 15:00,3557,3557,3557,3557,3557,3557,3557,3557,3557,3557,3557
2012/2/1 16:00,3681,3681,3681,3681,3681,3681,3681,3681,3681,3681,3681
2012/2/1 17:00,3983,3983,3983,3983,3983,3983,3983,3983,3983,3983,3983
2012/2/1 18:00,4004,4004,4004,4004,4004,4004,4004,4004,4004,4004,4004
2012/2/1 19:00,3890,3890,3890,3890,3890,3890,3890,3890,3890,3890,3890
2012/2/1 20:00,3706,3706,3706,3706,3706,3706,3706,3706,3706,3706,3706
2012/2/1 21:00,3416,3416,3416,3416,3416,3416,3416,3416,3416,3416,3416
2012/2/1 22:00,3090,3090,3090,3090,3090,3090,3090,3090,3090,3090,3090
2012/2/1 23:00,2814,2814,2814,2814,2814,2814,2814,2814,2814,2814,2814
2012/2/2 0:00,2639,2639,2639,2639,2639,2639,2639,2639,2639,2639,2639
2012/2/2 1:00,2545,2545,2545,2545,2545,2545,2545,2545,2545,2545,2545
2012/2/2 2:00,2502,2502,2502,2502,2502,2502,2502,2502,2502,2502,2502
2012/2/2 3:00,2510,2510,2510,2510,2510,2510,2510,2510,2510,2510,2510
2012/2/2 4:00,2603,2603,2603,2603,2603,2603,2603,2603,2603,2603,2603
2012/2/2 5:00,2888,2888,2888,2888,2888,2888,2888,2888,2888,2888,2888
2012/2/2 6:00,3398,3398,3398,3398,3398,3398,3398,3398,3398,3398,3398
2012/2/2 7:00,3616,3616,3616,3616,3616,3616,3616,3616,3616,3616,3616
2012/2/2 8:00,3634,3634,3634,3634,3634,3634,3634,3634,3634,3634,3634
2012/2/2 9:00,3667,3667,3667,3667,3667,3667,3667,3667,3667,3667,3667
2012/2/2 10:00,3713,3713,3713,3713,3713,3713,3713,3713,3713,3713,3713
2012/2/2 11:00,3701,3701,3701,3701,3701,3701,3701,3701,3701,3701,3701
2012/2/2 12:00,3671,3671,3671,3671,3671,3671,3671,3671,3671,3671,3671
2012/2/2 13:00,3664,3664,3664,3664,3664,3664,3664,3664,3664,3664,3664
2012/2/2 14:00,3642,3642,3642,3642,3642,3642,3642,3642,3642,3642,3642
2012/2/2 15:00,3648,3648,3648,3648,3648,3648,3648,3648,3648,3648,3648
2012/2/2 16:00,3800,3800,3800,3800,3800,3800,3800,3800,3800,3800,3800
2012/2/2 17:00,4064,4064,4064,4064,4064,4064,4064,4064,4064,4064,4064
2012/2/2 18:00,4084,4084,4084,4084,4084,4084,4084,4084,4084,4084,4084
2012/2/2 19:00,3997,3997,3997,3997,3997,3997,3997,3997,3997,3997,3997
2012/2/2 20:00,3831,3831,3831,3831,3831,3831,3831,3831,3831,3831,3831
2012/2/2 21:00,3562,3562,3562,3562,3562,3562,3562,3562,3562,3562,3562
2012/2/2 22:00,3256,3256,3256,3256,3256,3256,3256,3256,3256,3256,3256
2012/2/2 23:00,3010,3010,3010,3010,3010,3010,3010,3010,3010,3010,3010
2012/2/3 0:00,2837,2837,2837,2837,2837,2837,2837,2837,2837,2837,2837
2012/2/3 1:00,2746,2746,2746,2746,2746,2746,2746,2746,2746,2746,2746
2012/2/3 2:00,2723,2723,2723,2723,2723,2723,2723,2723,2723,2723,2723
2012/2/3 3:00,2733,2733,2733,2733,2733,2733,2733,2733,2733,2733,2733
2012/2/3 4:00,2829,2829,2829,2829,2829,2829,2829,2829,2829,2829,2829
2012/2/3 5:00,3114,3114,3114,3114,3114,3114,3114,3114,3114,3114,3114
2012/2/3 6:00,3602,3602,3602,3602,3602,3602,3602,3602,3602,3602,3602
2012/2/3 7:00,3809,3809,3809,3809,3809,3809,3809,3809,3809,3809,3809
2012/2/3 8:00,3817,3817,3817,3817,3817,3817,3817,3817,3817,3817,3817
2012/2/3 9:00,3798,3798,3798,3798,3798,3798,3798,3798,3798,3798,3798
2012/2/3 10:00,3782,3782,3782,3782,3782,3782,3782,3782,3782,3782,3782
2012/2/3 11:00,3749,3749,3749,3749,3749,3749,3749,3749,3749,3749,3749
2012/2/3 12:00,3675,3675,3675,3675,3675,3675,3675,3675,3675,3675,3675
2012/2/3 13:00,3628,3628,3628,3628,3628,3628,3628,3628,3628,3628,3628
2012/2/3 14:00,3568,3568,3568,3568,3568,3568,3568,3568,3568,3568,3568
2012/2/3 15:00,3550,3550,3550,3550,3550,3550,3550,3550,3550,3550,3550
2012/2/3 16:00,3663,3663,3663,3663,3663,3663,3663,3663,3663,3663,3663
2012/2/3 17:00,3937,3937,3937,3937,3937,3937,3937,3937,3937,3937,3937
2012/2/3 18:00,3956,3956,3956,3956,3956,3956,3956,3956,3956,3956,3956
2012/2/3 19:00,3859,3859,3859,3859,3859,3859,3859,3859,3859,3859,3859
2012/2/3 20:00,3716,3716,3716,3716,3716,3716,3716,3716,3716,3716,3716
2012/2/3 21:00,3502,3502,3502,3502,3502,3502,3502,3502,3502,3502,3502
2012/2/3 22:00,3254,3254,3254,3254,3254,3254,3254,3254,3254,3254,3254
2012/2/3 23:00,2967,2967,2967,2967,2967,2967,2967,2967,2967,2967,2967
2012/2/4 0:00,2777,2777,2777,2777,2777,2777,2777,2777,2777,2777,2777
2012/2/4 1:00,2677,2677,2677,2677,2677,2677,2677,2677,2677,2677,2677
2012/2/4 2:00,2624,2624,2624,2624,2624,2624,2624,2624,2624,2624,2624
2012/2/4 3:00,2607,2607,2607,2607,2607,2607,2607,2607,2607,2607,2607
2012/2/4 4:00,2639,2639,2639,2639,2639,2639,2639,2639,2639,2639,2639
2012/2/4 5:00,2744,2744,2744,2744,2744,2744,2744,2744,2744,2744,2744
2012/2/4 6:00,2964,2964,2964,2964,2964,2964,2964,2964,2964,2964,2964
2012/2/4 7:00,3203,3203,3203,3203,3203,3203,3203,3203,3203,3203,3203
2012/2/4 8:00,3420,3420,3420,3420,3420,3420,3420,3420,3420,3420,3420
2012/2/4 9:00,3542,3542,3542,3542,3542,3542,3542,3542,3542,3542,3542
2012/2/4 10:00,3569,3569,3569,3569,3569,3569,3569,3569,3569,3569,3569
2012/2/4 11:00,3522,3522,3522,3522,3522,3522,3522,3522,3522,3522,3522
2012/2/4 12:00,3445,3445,3445,3445,3445,3445,3445,3445,3445,3445,3445
2012/2/4 13:00,3369,3369,3369,3369,3369,3369,3369,3369,3369,3369,3369
2012/2/4 14:00,3323,3323,3323,3323,3323,3323,3323,3323,3323,3323,3323
2012/2/4 15:00,3330,3330,3330,3330,3330,3330,3330,3330,3330,3330,3330
2012/2/4 16:00,3487,3487,3487,3487,3487,3487,3487,3487,3487,3487,3487
2012/2/4 17:00,3832,3832,3832,3832,3832,3832,3832,3832,3832,3832,3832
2012/2/4 18:00,3890,3890,3890,3890,3890,3890,3890,3890,3890,3890,3890
2012/2/4 19:00,3784,3784,3784,3784,3784,3784,3784,3784,3784,3784,3784
2012/2/4 20:00,3653,3653,3653,3653,3653,3653,3653,3653,3653,3653,3653
2012/2/4 21:00,3439,3439,3439,3439,3439,3439,3439,3439,3439,3439,3439
2012/2/4 22:00,3211,3211,3211,3211,3211,3211,3211,3211,3211,3211,3211
2012/2/4 23:00,2992,2992,2992,2992,2992,2992,2992,2992,2992,2992,2992
2012/2/5 0:00,2837,2837,2837,2837,2837,2837,2837,2837,2837,2837,2837
2012/2/5 1:00,2754,2754,2754,2754,2754,2754,2754,2754,2754,2754,2754
2012/2/5 2:00,2714,2714,2714,2714,2714,2714,2714,2714,2714,2714,2714
2012/2/5 3:00,2705,2705,2705,2705,2705,2705,2705,2705,2705,2705,2705
2012/2/5 4:00,2733,2733,2733,2733,2733,2733,2733,2733,2733,2733,2733
2012/2/5 5:00,2824,2824,2824,2824,2824,2824,2824,2824,2824,2824,2824
2012/2/5 6:00,2980,2980,2980,2980,2980,2980,2980,2980,2980,2980,2980
2012/2/5 7:00,3191,3191,3191,3191,3191,3191,3191,3191,3191,3191,3191
2012/2/5 8:00,3433,3433,3433,3433,3433,3433,3433,3433,3433,3433,3433
2012/2/5 9:00,3547,3547,3547,3547,3547,3547,3547,3547,3547,3547,3547
2012/2/5 10:00,3577,3577,3577,3577,3577,3577,3577,3577,3577,3577,3577
2012/2/5 11:00,3565,3565,3565,3565,3565,3565,3565,3565,3565,3565,3565
2012/2/5 12:00,3514,3514,3514,3514,3514,3514,3514,3514,3514,3514,3514
2012/2/5 13:00,3435,3435,3435,3435,3435,3435,3435,3435,3435,3435,3435
2012/2/5 14:00,3387,3387,3387,3387,3387,3387,3387,3387,3387,3387,3387
2012/2/5 15:00,3416,3416,3416,3416,3416,3416,3416,3416,3416,3416,3416
2012/2/5 16:00,3585,3585,3585,3585,3585,3585,3585,3585,3585,3585,3585
2012/2/5 17:00,3903,3903,3903,3903,3903,3903,3903,3903,3903,3903,3903
2012/2/5 18:00,3813,3813,3813,3813,3813,3813,3813,3813,3813,3813,3813
2012/2/5 19:00,3595,3595,3595,3595,3595,3595,3595,3595,3595,3595,3595
2012/2/5 20:00,3486,3486,3486,3486,3486,3486,3486,3486,3486,3486,3486
2012/2/5 21:00,3289,3289,3289,3289,3289,3289,3289,3289,3289,3289,3289
2012/2/5 22:00,3165,3165,3165,3165,3165,3165,3165,3165,3165,3165,3165
2012/2/5 23:00,2897,2897,2897,2897,2897,2897,2897,2897,2897,2897,2897
2012/2/6 0:00,2722,2722,2722,2722,2722,2722,2722,2722,2722,2722,2722
2012/2/6 1:00,2638,2638,2638,2638,2638,2638,2638,2638,2638,2638,2638
2012/2/6 2:00,2604,2604,2604,2604,2604,2604,2604,2604,2604,2604,2604
2012/2/6 3:00,2604,2604,2604,2604,2604,2604,2604,2604,2604,2604,2604
2012/2/6 4:00,2686,2686,2686,2686,2686,2686,2686,2686,2686,2686,2686
2012/2/6 5:00,2960,2960,2960,2960,2960,2960,2960,2960,2960,2960,2960
2012/2/6 6:00,3443,3443,3443,3443,3443,3443,3443,3443,3443,3443,3443
2012/2/6 7:00,3662,3662,3662,3662,3662,3662,3662,3662,3662,3662,3662
2012/2/6 8:00,3696,3696,3696,3696,3696,3696,3696,3696,3696,3696,3696
2012/2/6 9:00,3695,3695,3695,3695,3695,3695,3695,3695,3695,3695,3695
2012/2/6 10:00,3668,3668,3668,3668,3668,3668,3668,3668,3668,3668,3668
2012/2/6 11:00,3635,3635,3635,3635,3635,3635,3635,3635,3635,3635,3635
2012/2/6 12:00,3566,3566,3566,3566,3566,3566,3566,3566,3566,3566,3566
2012/2/6 13:00,3511,3511,3511,3511,3511,3511,3511,3511,3511,3511,3511
2012/2/6 14:00,3445,3445,3445,3445,3445,3445,3445,3445,3445,3445,3445
2012/2/6 15:00,3413,3413,3413,3413,3413,3413,3413,3413,3413,3413,3413
2012/2/6 16:00,3532,3532,3532,3532,3532,3532,3532,3532,3532,3532,3532
2012/2/6 17:00,3869,3869,3869,3869,3869,3869,3869,3869,3869,3869,3869
2012/2/6 18:00,3944,3944,3944,3944,3944,3944,3944,3944,3944,3944,3944
2012/2/6 19:00,3813,3813,3813,3813,3813,3813,3813,3813,3813,3813,3813
2012/2/6 20:00,3618,3618,3618,3618,3618,3618,3618,3618,3618,3618,3618
2012/2/6 21:00,3336,3336,3336,3336,3336,3336,3336,3336,3336,3336,3336
2012/2/6 22:00,3038,3038,3038,3038,3038,3038,3038,3038,3038,3038,3038
2012/2/6 23:00,2768,2768,2768,2768,2768,2768,2768,2768,2768,2768,2768
2012/2/7 0:00,2612,2612,2612,2612,2612,2612,2612,2612,2612,2612,2612
2012/2/7 1:00,2532,2532,2532,2532,2532,2532,2532,2532,2532,2532,2532
2012/2/7 2:00,2494,2494,2494,2494,2494,2494,2494,2494,2494,2494,2494
2012/2/7 3:00,2496,2496,2496,2496,2496,2496,2496,2496,2496,2496,2496
2012/2/7 4:00,2596,2596,2596,2596,2596,2596,2596,2596,2596,2596,2596
2012/2/7 5:00,2875,2875,2875,2875,2875,2875,2875,2875,2875,2875,2875
2012/2/7 6:00,3349,3349,3349,3349,3349,3349,3349,3349,3349,3349,3349
2012/2/7 7:00,3556,3556,3556,3556,3556,3556,3556,3556,3556,3556,3556
2012/2/7 8:00,3572,3572,3572,3572,3572,3572,3572,3572,3572,3572,3572
2012/2/7 9:00,3584,3584,3584,3584,3584,3584,3584,3584,3584,3584,3584
2012/2/7 10:00,3603,3603,3603,3603,3603,3603,3603,3603,3603,3603,3603
2012/2/7 11:00,3579,3579,3579,3579,3579,3579,3579,3579,3579,3579,3579
2012/2/7 12:00,3530,3530,3530,3530,3530,3530,3530,3530,3530,3530,3530
2012/2/7 13:00,3517,3517,3517,3517,3517,3517,3517,3517,3517,3517,3517
2012/2/7 14:00,3480,3480,3480,3480,3480,3480,3480,3480,3480,3480,3480
2012/2/7 15:00,3498,3498,3498,3498,3498,3498,3498,3498,3498,3498,3498
2012/2/7 16:00,3631,3631,3631,3631,3631,3631,3631,3631,3631,3631,3631
2012/2/7 17:00,3968,3968,3968,3968,3968,3968,3968,3968,3968,3968,3968
2012/2/7 18:00,4047,4047,4047,4047,4047,4047,4047,4047,4047,4047,4047
2012/2/7 19:00,3968,3968,3968,3968,3968,3968,3968,3968,3968,3968,3968
2012/2/7 20:00,3807,3807,3807,3807,3807,3807,3807,3807,3807,3807,3807
2012/2/7 21:00,3546,3546,3546,3546,3546,3546,3546,3546,3546,3546,3546
2012/2/7 22:00,3238,3238,3238,3238,3238,3238,3238,3238,3238,3238,3238
2012/2/7 23:00,2987,2987,2987,2987,2987,2987,2987,2987,2987,2987,2987
2012/2/8 0:00,2841,2841,2841,2841,2841,2841,2841,2841,2841,2841,2841
2012/2/8 1:00,2770,2770,2770,2770,2770,2770,2770,2770,2770,2770,2770
2012/2/8 2:00,2754,2754,2754,2754,2754,2754,2754,2754,2754,2754,2754
2012/2/8 3:00,2763,2763,2763,2763,2763,2763,2763,2763,2763,2763,2763
2012/2/8 4:00,2869,2869,2869,2869,2869,2869,2869,2869,2869,2869,2869
2012/2/8 5:00,3160,3160,3160,3160,3160,3160,3160,3160,3160,3160,3160
2012/2/8 6:00,3665,3665,3665,3665,3665,3665,3665,3665,3665,3665,3665
2012/2/8 7:00,3854,3854,3854,3854,3854,3854,3854,3854,3854,3854,3854
2012/2/8 8:00,3845,3845,3845,3845,3845,3845,3845,3845,3845,3845,3845
2012/2/8 9:00,3801,3801,3801,3801,3801,3801,3801,3801,3801,3801,3801
2012/2/8 10:00,3738,3738,3738,3738,3738,3738,3738,3738,3738,3738,3738
2012/2/8 11:00,3693,3693,3693,3693,3693,3693,3693,3693,3693,3693,3693
2012/2/8 12:00,3623,3623,3623,3623,3623,3623,3623,3623,3623,3623,3623
2012/2/8 13:00,3586,3586,3586,3586,3586,3586,3586,3586,3586,3586,3586
2012/2/8 14:00,3510,3510,3510,3510,3510,3510,3510,3510,3510,3510,3510
2012/2/8 15:00,3528,3528,3528,3528,3528,3528,3528,3528,3528,3528,3528
2012/2/8 16:00,3666,3666,3666,3666,3666,3666,3666,3666,3666,3666,3666
2012/2/8 17:00,3988,3988,3988,3988,3988,3988,3988,3988,3988,3988,3988
2012/2/8 18:00,4051,4051,4051,4051,4051,4051,4051,4051,4051,4051,4051
2012/2/8 19:00,3958,3958,3958,3958,3958,3958,3958,3958,3958,3958,3958
2012/2/8 20:00,3789,3789,3789,3789,3789,3789,3789,3789,3789,3789,3789
2012/2/8 21:00,3503,3503,3503,3503,3503,3503,3503,3503,3503,3503,3503
2012/2/8 22:00,3168,3168,3168,3168,3168,3168,3168,3168,3168,3168,3168
2012/2/8 23:00,2916,2916,2916,2916,2916,2916,2916,2916,2916,2916,2916
2012/2/9 0:00,2750,2750,2750,2750,2750,2750,2750,2750,2750,2750,2750
2012/2/9 1:00,2673,2673,2673,2673,2673,2673,2673,2673,2673,2673,2673
2012/2/9 2:00,2641,2641,2641,2641,2641,2641,2641,2641,2641,2641,2641
2012/2/9 3:00,2643,2643,2643,2643,2643,2643,2643,2643,2643,2643,2643
2012/2/9 4:00,2741,2741,2741,2741,2741,2741,2741,2741,2741,2741,2741
2012/2/9 5:00,3031,3031,3031,3031,3031,3031,3031,3031,3031,3031,3031
2012/2/9 6:00,3534,3534,3534,3534,3534,3534,3534,3534,3534,3534,3534
2012/2/9 7:00,3705,3705,3705,3705,3705,3705,3705,3705,3705,3705,3705
2012/2/9 8:00,3688,3688,3688,3688,3688,3688,3688,3688,3688,3688,3688
2012/2/9 9:00,3640,3640,3640,3640,3640,3640,3640,3640,3640,3640,3640
2012/2/9 10:00,3600,3600,3600,3600,3600,3600,3600,3600,3600,3600,3600
2012/2/9 11:00,3558,3558,3558,3558,3558,3558,3558,3558,3558,3558,3558
2012/2/9 12:00,3489,3489,3489,3489,3489,3489,3489,3489,3489,3489,3489
2012/2/9 13:00,3459,3459,3459,3459,3459,3459,3459,3459,3459,3459,3459
2012/2/9 14:00,3407,3407,3407,3407,3407,3407,3407,3407,3407,3407,3407
2012/2/9 15:00,3404,3404,3404,3404,3404,3404,3404,3404,3404,3404,3404
2012/2/9 16:00,3520,3520,3520,3520,3520,3520,3520,3520,3520,3520,3520
2012/2/9 17:00,3841,3841,3841,3841,3841,3841,3841,3841,3841,3841,3841
2012/2/9 18:00,3931,3931,3931,3931,3931,3931,3931,3931,3931,3931,3931
2012/2/9 19:00,3846,3846,3846,3846,3846,3846,3846,3846,3846,3846,3846
2012/2/9 20:00,3697,3697,3697,3697,3697,3697,3697,3697,3697,3697,3697
2012/2/9 21:00,3431,3431,3431,3431,3431,3431,3431,3431,3431,3431,3431
2012/2/9 22:00,3119,3119,3119,3119,3119,3119,3119,3119,3119,3119,3119
2012/2/9 23:00,2865,2865,2865,2865,2865,2865,2865,2865,2865,2865,2865
2012/2/10 0:00,2719,2719,2719,2719,2719,2719,2719,2719,2719,2719,2719
2012/2/10 1:00,2640,2640,2640,2640,2640,2640,2640,2640,2640,2640,2640
2012/2/10 2:00,2603,2603,2603,2603,2603,2603,2603,2603,2603,2603,2603
2012/2/10 3:00,2614,2614,2614,2614,2614,2614,2614,2614,2614,2614,2614
2012/2/10 4:00,2716,2716,2716,2716,2716,2716,2716,2716,2716,2716,2716
2012/2/10 5:00,3006,3006,3006,3006,3006,3006,3006,3006,3006,3006,3006
2012/2/10 6:00,3481,3481,3481,3481,3481,3481,3481,3481,3481,3481,3481
2012/2/10 7:00,3666,3666,3666,3666,3666,3666,3666,3666,3666,3666,3666
2012/2/10 8:00,3652,3652,3652,3652,3652,3652,3652,3652,3652,3652,3652
2012/2/10 9:00,3603,3603,3603,3603,3603,3603,3603,3603,3603,3603,3603
2012/2/10 10:00,3578,3578,3578,3578,3578,3578,3578,3578,3578,3578,3578
2012/2/10 11:00,3533,3533,3533,3533,3533,3533,3533,3533,3533,3533,3533
2012/2/10 12:00,3456,3456,3456,3456,3456,3456,3456,3456,3456,3456,3456
2012/2/10 13:00,3393,3393,3393,3393,3393,3393,3393,3393,3393,3393,3393
2012/2/10 14:00,3348,3348,3348,3348,3348,3348,3348,3348,3348,3348,3348
2012/2/10 15:00,3345,3345,3345,3345,3345,3345,3345,3345,3345,3345,3345
2012/2/10 16:00,3462,3462,3462,3462,3462,3462,3462,3462,3462,3462,3462
2012/2/10 17:00,3741,3741,3741,3741,3741,3741,3741,3741,3741,3741,3741
2012/2/10 18:00,3763,3763,3763,3763,3763,3763,3763,3763,3763,3763,3763
2012/2/10 19:00,3649,3649,3649,3649,3649,3649,3649,3649,3649,3649,3649
2012/2/10 20:00,3494,3494,3494,3494,3494,3494,3494,3494,3494,3494,3494
2012/2/10 21:00,3297,3297,3297,3297,3297,3297,3297,3297,3297,3297,3297
2012/2/10 22:00,3046,3046,3046,3046,3046,3046,3046,3046,3046,3046,3046
2012/2/10 23:00,2804,2804,2804,2804,2804,2804,2804,2804,2804,2804,2804
2012/2/11 0:00,2632,2632,2632,2632,2632,2632,2632,2632,2632,2632,2632
2012/2/11 1:00,2531,2531,2531,2531,2531,2531,2531,2531,2531,2531,2531
2012/2/11 2:00,2454,2454,2454,2454,2454,2454,2454,2454,2454,2454,2454
2012/2/11 3:00,2441,2441,2441,2441,2441,2441,2441,2441,2441,2441,2441
2012/2/11 4:00,2485,2485,2485,2485,2485,2485,2485,2485,2485,2485,2485
2012/2/11 5:00,2598,2598,2598,2598,2598,2598,2598,2598,2598,2598,2598
2012/2/11 6:00,2812,2812,2812,2812,2812,2812,2812,2812,2812,2812,2812
2012/2/11 7:00,3057,3057,3057,3057,3057,3057,3057,3057,3057,3057,3057
2012/2/11 8:00,3301,3301,3301,3301,3301,3301,3301,3301,3301,3301,3301
2012/2/11 9:00,3453,3453,3453,3453,3453,3453,3453,3453,3453,3453,3453
2012/2/11 10:00,3495,3495,3495,3495,3495,3495,3495,3495,3495,3495,3495
2012/2/11 11:00,3480,3480,3480,3480,3480,3480,3480,3480,3480,3480,3480
2012/2/11 12:00,3419,3419,3419,3419,3419,3419,3419,3419,3419,3419,3419
2012/2/11 13:00,3383,3383,3383,3383,3383,3383,3383,3383,3383,3383,3383
